TEAM_ID,MISSION_TIME,PACKET_COUNT,MODE,STATE,HS_DEPLOYED,PC_DEPLOYED,ALTITUDE,AIR_SPEED,TEMPERATURE,VOLTAGE,PRESSURE,GPS_TIME,GPS_ALTITUDE,GPS_LATITUDE,GPS_LONGITUDE,GPS_SATS,TILT_X,TILT_Y,ROT_Z,CMD_ECHO
2102,12:43:59,1,F,LW,2.740410,0.01,N,N,22.0,92.3,3.9,16:45:54,0.0,0.0000,0.0000,0,0.00,0.00,0.0,CXON
2102,12:44:00,2,F,LW,2.658332,-0.08,N,N,22.0,92.3,4.0,16:45:55,0.0,0.0000,0.0000,0,0.00,0.00,0.0,CXON
2102,12:44:01,3,F,LW,2.750670,0.09,N,N,22.0,92.3,4.0,16:45:56,0.0,0.0000,0.0000,0,0.00,0.00,0.0,CXON
2102,12:44:02,4,F,LW,2.762137,0.01,N,N,22.0,92.3,4.0,16:45:57,0.0,0.0000,0.0000,0,0.00,0.00,0.0,CXON
2102,12:44:04,5,F,LW,2.833050,0.07,N,N,22.0,92.3,4.0,16:45:59,0.0,0.0000,0.0000,0,0.00,0.00,0.0,CXON
2102,12:44:05,6,F,LW,2.794928,-0.04,N,N,22.1,92.3,4.0,16:46:0,0.0,0.0000,0.0000,0,0.00,0.00,0.0,CXON
2102,12:44:06,7,F,LW,2.830033,0.04,N,N,22.1,92.3,4.0,16:46:1,0.0,0.0000,0.0000,0,0.00,0.00,0.0,CXON
2102,12:44:07,8,F,LW,2.755599,-0.07,N,N,22.1,92.3,4.1,16:46:2,0.0,0.0000,0.0000,0,0.00,0.00,0.0,CXON
2102,12:44:21,1,F,LW,2.742925,0.03,N,N,22.4,92.3,3.9,16:46:16,0.0,0.0000,0.0000,0,-2.25,2.69,9.3,CXON
2102,12:44:22,2,F,LW,2.764853,0.02,N,N,22.3,92.3,3.9,16:46:17,0.0,0.0000,0.0000,0,-4.81,2.94,2.8,CXON
2102,12:44:23,3,F,LW,2.812832,0.05,N,N,22.4,92.3,3.9,16:46:18,0.0,0.0000,0.0000,0,-4.38,0.94,1.3,CXON
2102,12:44:24,4,F,LW,2.797543,-0.02,N,N,22.4,92.3,4.0,16:46:19,0.0,0.0000,0.0000,0,-3.44,4.12,3.4,CXON
2102,12:44:25,5,F,LW,2.742120,-0.06,N,N,22.4,92.3,4.0,16:46:21,0.0,0.0000,0.0000,0,-0.94,1.75,7.4,CXON
2102,12:44:27,6,F,LW,2.714861,-0.03,N,N,22.5,92.3,4.0,16:46:22,0.0,0.0000,0.0000,0,0.19,-0.75,5.2,CXON
2102,12:44:28,7,F,LW,2.805288,0.09,N,N,22.5,92.3,4.0,16:46:23,0.0,0.0000,0.0000,0,0.88,-1.56,7.2,CXON
2102,12:44:29,8,F,LW,2.798348,-0.01,N,N,22.5,92.3,4.0,16:46:24,0.0,0.0000,0.0000,0,5.00,0.00,12.3,CXON
2102,12:44:30,9,F,LW,2.717476,-0.08,N,N,22.5,92.3,4.0,16:46:25,0.0,0.0000,0.0000,0,5.94,-1.06,341.9,CXON
2102,12:44:31,10,F,LW,2.717778,0.00,N,N,22.5,92.3,4.0,16:46:25,0.0,0.0000,0.0000,0,5.75,-0.19,344.0,CXON
2102,12:44:33,11,F,LW,2.657326,-0.06,N,N,22.5,92.3,4.1,16:46:28,0.0,0.0000,0.0000,0,5.56,1.12,345.5,CXON
2102,12:44:34,12,F,LW,2.748960,0.09,N,N,22.6,92.3,4.1,16:46:29,0.0,0.0000,0.0000,0,4.56,1.50,348.0,CXON
2102,12:44:35,13,F,LW,2.720092,-0.03,N,N,22.6,92.3,4.1,16:46:30,809.7,38.3772,-79.6076,6,4.50,2.31,352.1,CXON
2102,12:44:36,14,F,LW,2.700980,-0.02,N,N,22.6,92.3,4.1,16:46:31,810.0,38.3772,-79.6076,6,6.31,4.69,358.2,CXON
2102,12:44:37,15,F,LW,2.719689,0.02,N,N,22.6,92.3,4.1,16:46:32,811.2,38.3772,-79.6076,6,5.00,2.19,358.2,CXON
2102,12:44:38,16,F,LW,2.756806,0.04,N,N,22.6,92.3,4.1,16:46:34,816.0,38.3773,-79.6076,7,2.56,4.12,2.4,CXON
2102,12:44:40,17,F,LW,2.731860,-0.02,N,N,22.7,92.3,4.1,16:46:35,818.3,38.3773,-79.6076,7,1.06,3.81,358.6,CXON
2102,12:44:41,18,F,LW,2.736588,0.00,N,N,22.7,92.3,4.1,16:46:36,819.2,38.3773,-79.6075,7,1.44,3.44,356.5,CXON
2102,12:44:42,19,F,LW,2.680159,-0.06,N,N,22.7,92.3,4.1,16:46:37,818.8,38.3773,-79.6075,7,0.81,2.25,354.4,CXON
2102,12:44:43,20,F,LW,2.680260,0.00,N,N,22.7,92.3,4.1,16:46:38,817.0,38.3773,-79.6075,6,0.75,2.44,354.3,CXON
2102,12:44:44,21,F,LW,2.670503,-0.01,N,N,22.7,92.3,4.1,16:46:39,816.8,38.3773,-79.6075,6,0.31,1.81,353.9,CXON
2102,12:44:46,22,F,LW,2.676840,0.01,N,N,22.8,92.3,4.1,16:46:41,815.7,38.3773,-79.6075,6,0.06,2.31,354.1,CXON
2102,12:44:47,23,F,LW,2.665574,-0.01,N,N,22.8,92.3,4.1,16:46:42,816.4,38.3773,-79.6075,7,-0.06,3.31,354.4,CXON
2102,12:44:48,24,F,LW,2.652599,-0.01,N,N,22.8,92.3,4.1,16:46:43,816.7,38.3773,-79.6075,7,-0.06,3.50,352.5,CXON
2102,12:44:49,25,F,LW,2.676739,0.02,N,N,22.8,92.3,4.1,16:46:44,817.5,38.3773,-79.6075,7,1.69,4.12,351.6,CXON
2102,12:44:50,26,F,LW,2.673420,-0.00,N,N,22.8,92.3,4.1,16:46:45,818.0,38.3773,-79.6075,7,2.62,3.88,352.1,CXON
2102,12:44:52,27,F,LW,2.720695,0.05,N,N,22.8,92.3,4.1,16:46:47,817.3,38.3773,-79.6075,6,2.94,4.00,352.1,CXON
2102,12:44:53,28,F,LW,2.667184,-0.05,N,N,22.9,92.3,4.1,16:46:48,816.9,38.3773,-79.6075,6,3.25,7.62,339.2,CXON
2102,12:44:54,29,F,LW,2.560161,-0.11,N,N,22.9,92.3,4.2,16:46:49,816.4,38.3773,-79.6075,6,-0.31,6.94,293.4,CXON
2102,12:44:55,30,F,LW,2.626547,0.07,N,N,22.9,92.3,4.2,16:46:50,817.0,38.3773,-79.6075,6,5.50,8.25,284.9,CXON
2102,12:44:56,31,F,LW,2.598987,-0.03,N,N,22.9,92.3,4.2,16:46:51,817.4,38.3773,-79.6075,6,7.50,11.06,283.2,CXON
2102,12:44:57,32,F,LW,2.614276,0.02,N,N,22.9,92.3,4.2,16:46:52,817.9,38.3773,-79.6075,6,4.25,9.50,284.5,CXON
2102,12:44:59,33,F,LW,2.561972,-0.05,N,N,23.0,92.3,4.2,16:46:54,819.5,38.3773,-79.6075,7,-3.81,10.56,286.0,CXON
2102,12:45:00,34,F,LW,2.641132,0.08,N,N,23.0,92.3,4.2,16:46:55,820.3,38.3773,-79.6075,7,-3.06,10.69,284.1,CXON
2102,12:45:01,35,F,LW,2.568309,-0.07,N,N,23.0,92.3,4.2,16:46:56,821.1,38.3773,-79.6075,7,-3.69,11.56,285.6,CXON
2102,12:45:02,36,F,LW,2.654510,0.09,N,N,23.0,92.3,4.2,16:46:57,822.1,38.3773,-79.6075,7,-3.75,12.06,287.3,CXON
2102,12:45:03,37,F,LW,2.634292,-0.02,N,N,23.0,92.3,4.2,16:46:58,823.1,38.3773,-79.6075,7,1.19,7.31,296.4,CXON
2102,12:45:05,38,F,LW,2.617595,-0.02,N,N,23.1,92.3,4.2,16:47:0,824.7,38.3773,-79.6075,7,1.62,1.25,322.6,CXON
2102,12:45:06,39,F,LW,2.579574,-0.04,N,N,23.1,92.3,4.2,16:47:1,825.6,38.3773,-79.6075,7,1.75,1.88,329.4,CXON
2102,12:45:07,40,F,LW,2.597277,0.02,N,N,23.1,92.3,4.2,16:47:2,826.0,38.3773,-79.6075,7,2.25,3.06,329.9,CXON
2102,12:45:08,41,F,LW,2.545878,-0.05,N,N,23.1,92.3,4.2,16:47:3,827.0,38.3773,-79.6075,7,1.44,3.56,329.6,CXON
2102,12:45:09,42,F,LW,2.557043,0.01,N,N,23.2,92.3,4.2,16:47:4,827.8,38.3773,-79.6075,7,0.75,3.25,328.8,CXON
2102,12:45:11,43,F,LW,2.503935,-0.05,N,N,23.2,92.3,4.2,16:47:6,828.3,38.3773,-79.6075,7,0.50,4.56,331.2,CXON
2102,12:45:12,44,F,LW,2.571024,0.07,N,N,23.2,92.3,4.2,16:47:7,828.6,38.3773,-79.6075,7,1.12,4.88,327.0,CXON
2102,12:45:13,45,F,LW,2.687200,0.12,N,N,23.2,92.3,4.2,16:47:8,829.2,38.3773,-79.6075,7,-0.94,-2.94,331.3,CXON
2102,12:45:14,46,F,LW,2.697963,0.01,N,N,23.2,92.3,4.2,16:47:9,828.8,38.3773,-79.6075,7,0.06,0.44,334.7,CXON
2102,12:45:15,47,F,LW,2.510372,-0.19,N,N,23.3,92.3,4.2,16:47:10,828.6,38.3773,-79.6075,7,-0.94,3.69,320.4,CXON
2102,12:45:17,48,F,LW,2.557345,0.05,N,N,23.3,92.3,4.2,16:47:12,829.1,38.3773,-79.6075,7,1.50,1.75,322.4,CXON
2102,12:45:18,49,F,LW,2.511076,-0.05,N,N,23.3,92.3,4.2,16:47:13,829.2,38.3773,-79.6075,5,1.56,-0.38,324.1,CXON
2102,12:45:19,50,F,LW,2.691525,0.18,N,N,23.3,92.3,4.2,16:47:14,829.2,38.3773,-79.6075,6,1.88,2.06,325.1,CXON
2102,12:45:20,51,F,LW,2.736487,0.04,N,N,23.3,92.3,4.2,16:47:15,829.2,38.3773,-79.6075,6,6.12,2.81,318.2,CXON
2102,12:45:21,52,F,LW,2.706714,-0.03,N,N,23.3,92.3,4.2,16:47:16,830.2,38.3773,-79.6075,6,4.50,0.56,328.9,CXON
2102,12:45:23,53,F,LW,2.686798,-0.02,N,N,23.4,92.3,4.2,16:47:18,830.5,38.3773,-79.6075,7,7.94,-52.44,342.4,CXON
2102,12:45:24,54,F,LW,2.646564,-0.04,N,N,23.4,92.3,4.2,16:47:19,831.1,38.3773,-79.6075,7,-5.12,-64.44,356.5,CXON
2102,12:45:25,55,F,LW,2.604921,-0.04,N,N,23.4,92.3,4.2,16:47:20,830.4,38.3773,-79.6075,7,-10.81,-63.19,3.4,CXON
2102,12:45:26,56,F,LW,2.635097,0.03,N,N,23.4,92.3,4.2,16:47:21,830.6,38.3773,-79.6075,7,-7.94,-50.19,2.1,CXON
2102,12:45:27,57,F,LW,2.636908,0.00,N,N,23.4,92.3,4.2,16:47:22,829.6,38.3773,-79.6075,7,-7.62,-45.94,359.7,CXON
2102,12:45:29,58,F,LW,2.655717,0.02,N,N,23.4,92.3,4.2,16:47:24,828.7,38.3773,-79.6075,7,-7.06,-45.19,1.4,CXON
2102,12:45:30,59,F,LW,2.647972,-0.01,N,N,23.5,92.3,4.2,16:47:25,828.2,38.3773,-79.6075,7,-5.75,-45.62,2.9,CXON
2102,12:45:31,60,F,LW,2.687804,0.04,N,N,23.5,92.3,4.2,16:47:26,827.7,38.3773,-79.6075,7,-4.88,-45.50,3.9,CXON
2102,12:45:32,61,F,LW,2.598585,-0.09,N,N,23.5,92.3,4.2,16:47:27,827.2,38.3773,-79.6075,7,-2.88,-49.69,15.2,CXON
2102,12:45:33,62,F,LW,2.641836,0.04,N,N,23.5,92.3,4.2,16:47:28,826.8,38.3773,-79.6075,7,-3.12,-53.06,20.6,CXON
2102,12:45:35,63,F,LW,2.648072,0.01,N,N,23.5,92.3,4.2,16:47:30,826.0,38.3773,-79.6075,7,-3.00,-56.25,20.4,CXON
2102,12:45:36,64,F,LW,2.665574,0.02,N,N,23.5,92.3,4.2,16:47:31,826.6,38.3773,-79.6075,7,-3.44,-60.44,21.6,CXON
2102,12:45:37,65,F,LW,2.647067,-0.02,N,N,23.6,92.3,4.2,16:47:32,826.7,38.3773,-79.6075,7,-8.56,-75.44,34.1,CXON
2102,12:45:38,66,F,LW,2.651392,0.00,N,N,23.6,92.3,4.2,16:47:33,827.0,38.3773,-79.6075,7,-11.31,-104.31,45.2,CXON
2102,12:45:39,67,F,LW,2.688608,0.04,N,N,23.6,92.3,4.2,16:47:34,826.6,38.3773,-79.6075,7,-10.81,-126.94,38.4,CXON
2102,12:45:41,68,F,LW,2.548393,-0.14,N,N,23.6,92.3,4.2,16:47:36,827.1,38.3773,-79.6075,7,-7.62,-145.31,184.4,CXON
2102,12:45:42,69,F,LW,2.572734,0.02,N,N,23.6,92.3,4.2,16:47:37,827.3,38.3773,-79.6075,7,-5.38,-158.38,180.9,CXON
2102,12:45:43,70,F,LW,2.550203,-0.02,N,N,23.6,92.3,4.2,16:47:38,827.3,38.3773,-79.6075,6,-1.12,-171.25,179.2,CXON
2102,12:45:44,71,F,LW,2.657729,0.11,N,N,23.7,92.3,4.2,16:47:39,827.5,38.3773,-79.6075,5,0.00,-168.56,181.1,CXON
2102,12:45:45,72,F,LW,2.564889,-0.09,N,N,23.7,92.3,4.2,16:47:40,827.5,38.3773,-79.6075,5,-0.94,-177.81,183.1,CXON
2102,12:45:47,73,F,LW,2.646664,0.08,N,N,23.7,92.3,4.2,16:47:42,828.1,38.3772,-79.6075,6,-0.94,-174.69,189.1,CXON
2102,12:45:48,74,F,LW,2.618701,-0.03,N,N,23.7,92.3,4.2,16:47:43,828.2,38.3772,-79.6075,7,-0.62,-176.81,195.5,CXON
2102,12:45:49,75,F,LW,2.635198,0.02,N,N,23.7,92.3,4.2,16:47:44,828.0,38.3773,-79.6075,6,-3.88,-175.50,196.0,CXON
2102,12:45:50,76,F,LW,2.558150,-0.08,N,N,23.7,92.3,4.2,16:47:45,827.8,38.3773,-79.6075,6,-4.00,-177.50,197.4,CXON
2102,12:45:51,77,F,LW,2.681567,0.12,N,N,23.8,92.3,4.2,16:47:46,827.2,38.3772,-79.6075,6,-4.06,-178.25,195.7,CXON
2102,12:45:53,78,F,LW,2.583497,-0.10,N,N,23.8,92.3,4.2,16:47:48,826.5,38.3772,-79.6075,5,-3.94,-178.25,196.9,CXON
2102,12:45:54,79,F,LW,2.652699,0.07,N,N,23.8,92.3,4.2,16:47:49,825.9,38.3772,-79.6075,6,-3.50,-177.75,197.7,CXON
2102,12:45:55,80,F,LW,2.603211,-0.05,N,N,23.8,92.3,4.2,16:47:50,825.8,38.3772,-79.6075,6,-3.75,-0.06,198.7,CXON
2102,12:45:56,81,F,LW,2.647167,0.04,N,N,23.8,92.3,4.2,16:47:51,825.3,38.3772,-79.6075,6,-4.56,-176.94,199.8,CXON
2102,12:45:57,82,F,LW,2.578267,-0.07,N,N,23.8,92.3,4.2,16:47:52,825.1,38.3772,-79.6075,6,-4.88,-176.38,201.6,CXON
2102,12:45:59,83,F,LW,2.541654,-0.04,N,N,23.9,92.3,4.2,16:47:54,825.2,38.3772,-79.6075,6,-3.19,-178.50,201.8,CXON
2102,12:46:00,84,F,LW,2.567806,0.03,N,N,23.9,92.3,4.2,16:47:55,824.9,38.3772,-79.6075,6,-3.62,-179.19,202.2,CXON
2102,12:46:01,85,F,LW,2.586112,0.02,N,N,23.9,92.3,4.2,16:47:56,824.7,38.3772,-79.6075,6,-4.31,-177.75,202.6,CXON
2102,12:46:02,86,F,LW,2.542056,-0.04,N,N,23.9,92.3,4.2,16:47:57,823.8,38.3772,-79.6075,6,-4.62,-178.62,200.2,CXON
2102,12:46:03,87,F,LW,2.458069,-0.08,N,N,23.9,92.3,4.2,16:47:58,823.2,38.3772,-79.6075,6,-4.56,-178.38,198.7,CXON
2102,12:46:05,88,F,LW,2.465512,0.01,N,N,23.9,92.3,4.2,16:48:0,822.4,38.3772,-79.6075,6,-5.50,-178.31,198.9,CXON
2102,12:46:06,89,F,LW,2.508662,0.04,N,N,23.9,92.3,4.2,16:48:1,821.6,38.3772,-79.6075,6,-5.94,-177.62,197.4,CXON
2102,12:46:07,90,F,LW,2.384442,-0.12,N,N,24.0,92.3,4.2,16:48:2,821.0,38.3772,-79.6075,7,-6.06,-178.00,195.1,CXON
2102,12:46:08,91,F,LW,2.352658,-0.03,N,N,24.0,92.3,4.2,16:48:3,820.6,38.3772,-79.6075,7,-6.94,-177.75,197.4,CXON
2102,12:46:09,92,F,LW,0.000000,-2.35,N,N,24.0,92.4,4.2,16:48:4,820.4,38.3772,-79.6076,7,-0.06,-177.88,198.7,CXON
2102,12:46:11,93,F,LW,0.891301,0.89,N,N,24.0,92.4,4.2,16:48:6,818.3,38.3772,-79.6076,6,-6.38,-177.88,198.8,CXON
2102,12:46:12,94,F,LW,2.289090,1.40,N,N,24.0,92.3,4.2,16:48:7,817.2,38.3772,-79.6076,6,-6.75,-177.94,198.8,CXON
2102,12:46:13,95,F,LW,2.287884,-0.00,N,N,24.0,92.3,4.2,16:48:8,816.4,38.3772,-79.6076,6,-5.94,-177.69,200.8,CXON
2102,12:46:14,96,F,LW,2.365834,0.08,N,N,24.0,92.3,4.2,16:48:9,815.4,38.3772,-79.6076,6,-5.62,-176.50,221.8,CXON
2102,12:46:15,97,F,LW,2.449620,0.08,N,N,24.1,92.3,4.2,16:48:10,814.4,38.3772,-79.6076,6,-5.31,-175.25,244.9,CXON
2102,12:46:17,98,F,LW,2.593555,0.14,N,N,24.1,92.3,4.2,16:48:12,812.9,38.3772,-79.6076,6,-5.75,-176.88,222.8,CXON
2102,12:46:18,99,F,LW,3.033323,0.44,N,N,24.1,92.3,4.2,16:48:13,812.1,38.3772,-79.6076,6,-5.81,-177.75,216.2,CXON
2102,12:46:19,100,F,LW,2.479594,-0.55,N,N,24.1,92.3,4.2,16:48:14,811.6,38.3772,-79.6076,6,-5.50,-178.75,216.1,CXON
2102,12:46:20,101,F,LW,3.175860,0.70,N,N,24.1,92.3,4.2,16:48:15,811.3,38.3772,-79.6076,6,-5.62,-177.81,224.4,CXON
2102,12:46:21,102,F,LW,2.334755,-0.84,N,N,24.2,92.3,4.2,16:48:16,811.2,38.3772,-79.6076,6,-6.00,-177.81,228.2,CXON
2102,12:46:23,103,F,LW,2.397216,0.06,N,N,24.2,92.3,4.2,16:48:18,810.9,38.3772,-79.6076,6,-5.75,-177.62,231.3,CXON
2102,12:46:24,104,F,LW,2.411298,0.01,N,N,24.2,92.3,4.2,16:48:19,811.2,38.3772,-79.6076,6,-5.62,-177.56,233.6,CXON
2102,12:46:25,105,F,LW,2.506349,0.10,N,N,24.2,92.3,4.2,16:48:20,810.9,38.3772,-79.6076,6,-6.25,-178.62,229.0,CXON
2102,12:46:26,106,F,LW,6.297285,3.79,N,N,24.2,92.3,4.2,16:48:21,811.2,38.3772,-79.6076,6,-5.88,-178.62,222.9,CXON
2102,12:46:27,107,F,LW,3.733244,-2.56,N,N,24.2,92.3,4.2,16:48:22,811.2,38.3772,-79.6076,6,-5.56,-177.56,240.1,CXON
2102,12:46:29,108,F,LW,1.344072,-2.39,N,N,24.2,92.3,4.2,16:48:24,812.5,38.3772,-79.6076,6,-5.69,-177.00,261.9,CXON
2102,12:46:30,109,F,LW,2.297137,0.95,N,N,24.3,92.3,4.2,16:48:25,813.2,38.3772,-79.6076,6,-6.19,-177.69,266.1,CXON
2102,12:46:31,110,F,LW,2.368550,0.07,N,N,24.3,92.3,4.2,16:48:26,814.0,38.3772,-79.6076,7,-5.62,-178.31,264.2,CXON
2102,12:46:32,111,F,LW,6.241508,3.87,N,N,24.3,92.3,4.2,16:48:27,814.6,38.3772,-79.6076,6,-5.75,-179.06,251.2,CXON
2102,12:46:33,112,F,LW,2.037539,-4.20,N,N,24.3,92.3,4.2,16:48:28,815.1,38.3772,-79.6076,6,-5.75,-178.38,255.9,CXON
2102,12:46:35,113,F,LW,2.168493,0.13,N,N,24.3,92.3,4.2,16:48:30,815.9,38.3772,-79.6076,6,-6.31,-178.62,252.8,CXON
2102,12:46:36,114,F,LW,8.165619,6.00,N,N,24.3,92.3,4.2,16:48:31,816.0,38.3772,-79.6076,6,-5.38,-179.69,234.9,CXON
2102,12:46:37,115,F,LW,0.551802,-7.61,N,N,24.4,92.3,4.2,16:48:32,816.3,38.3772,-79.6076,6,-5.50,-178.69,244.6,CXON
2102,12:46:38,116,F,LW,1.992278,1.44,N,N,24.4,92.3,4.2,16:48:33,816.6,38.3772,-79.6076,6,-5.56,-178.25,245.2,CXON
2102,12:46:39,117,F,LW,2.231960,0.24,N,N,24.4,92.3,4.2,16:48:34,816.3,38.3772,-79.6076,4,-5.38,-178.31,245.6,CXON
2102,12:46:41,118,F,LW,2.334955,0.10,N,N,24.4,92.3,4.2,16:48:36,816.3,38.3772,-79.6076,5,-5.31,-177.94,245.6,CXON
2102,12:46:42,119,F,LW,2.299953,-0.04,N,N,24.4,92.3,4.2,16:48:37,815.9,38.3772,-79.6076,7,-5.44,-178.31,244.8,CXON
2102,12:46:43,120,F,LW,2.301864,0.00,N,N,24.4,92.3,4.2,16:48:38,815.6,38.3772,-79.6076,7,-5.62,-178.12,244.8,CXON
2102,12:46:44,121,F,LW,2.303674,0.00,N,N,24.5,92.3,4.2,16:48:39,815.5,38.3772,-79.6076,7,-5.44,-177.88,242.0,CXON
2102,12:46:45,122,F,LW,2.637612,0.33,N,N,24.5,92.3,4.2,16:48:40,815.2,38.3772,-79.6076,7,-4.81,-177.31,236.1,CXON
2102,12:46:47,123,F,LW,0.768006,-1.87,N,N,24.5,92.3,4.2,16:48:42,815.6,38.3772,-79.6076,6,-4.56,-177.38,230.3,CXON
2102,12:46:48,124,F,LW,2.853370,2.09,N,N,24.5,92.3,4.2,16:48:43,816.1,38.3772,-79.6076,7,-4.38,-177.62,219.7,CXON
2102,12:46:49,125,F,LW,2.047199,-0.81,N,N,24.5,92.4,4.2,16:48:44,815.8,38.3772,-79.6076,7,-4.25,-177.38,222.6,CXON
2102,12:46:50,126,F,LW,2.491462,0.44,N,N,24.5,92.3,4.2,16:48:45,815.7,38.3772,-79.6076,7,-5.25,-176.25,222.4,CXON
2102,12:46:51,127,F,LW,2.434432,-0.06,N,N,24.5,92.3,4.2,16:48:46,815.8,38.3772,-79.6076,6,-5.06,-177.00,223.2,CXON
2102,12:46:53,128,F,LW,2.484321,0.05,N,N,24.6,92.3,4.2,16:48:48,815.6,38.3772,-79.6076,6,-5.50,-177.44,228.1,CXON
2102,12:46:54,129,F,LW,2.527974,0.04,N,N,24.6,92.3,4.2,16:48:49,815.7,38.3772,-79.6076,7,-6.62,-177.00,228.0,CXON
2102,12:46:55,130,F,LW,2.495586,-0.03,N,N,24.6,92.3,4.2,16:48:50,815.7,38.3772,-79.6076,7,-7.00,-177.06,228.0,CXON
2102,12:46:56,131,F,LW,2.499710,0.00,N,N,24.6,92.3,4.2,16:48:51,814.3,38.3772,-79.6076,7,-7.31,-178.06,228.0,CXON
2102,12:46:57,132,F,LW,2.535921,0.04,N,N,24.6,92.3,4.2,16:48:52,814.3,38.3772,-79.6076,7,-7.50,-178.56,228.1,CXON
2102,12:46:59,133,F,LW,2.611359,0.08,N,N,24.6,92.3,4.2,16:48:54,814.1,38.3772,-79.6076,6,-7.50,-178.75,228.0,CXON
2102,12:47:00,134,F,LW,2.557445,-0.05,N,N,24.7,92.3,4.2,16:48:55,814.0,38.3772,-79.6076,6,-7.56,-178.31,228.0,CXON
2102,12:47:01,135,F,LW,2.549298,-0.01,N,N,24.7,92.3,4.2,16:48:56,813.7,38.3772,-79.6076,6,-7.31,-178.25,228.1,CXON
2102,12:47:02,136,F,LW,2.629162,0.08,N,N,24.7,92.3,4.2,16:48:57,813.8,38.3772,-79.6076,6,-6.81,-178.44,228.1,CXON
2102,12:47:03,137,F,LW,2.533305,-0.10,N,N,24.7,92.3,4.2,16:48:58,813.6,38.3772,-79.6076,6,-6.94,-177.19,228.1,CXON
2102,12:47:04,138,F,LW,2.550103,0.02,N,N,24.7,92.3,4.2,16:49:0,816.0,38.3772,-79.6076,7,-6.81,-178.81,227.3,CXON
2102,12:47:06,139,F,LW,2.623630,0.07,N,N,24.7,92.3,4.2,16:49:1,817.3,38.3772,-79.6076,7,-6.12,179.56,226.8,CXON
2102,12:47:07,140,F,LW,2.561771,-0.06,N,N,24.8,92.3,4.2,16:49:2,818.2,38.3772,-79.6076,7,-6.56,178.75,226.9,CXON
2102,12:47:08,141,F,LW,2.537831,-0.02,N,N,24.8,92.3,4.2,16:49:3,818.7,38.3772,-79.6076,6,-7.00,178.31,226.8,CXON
2102,12:47:09,142,F,LW,2.557647,0.02,N,N,24.8,92.3,4.2,16:49:4,818.9,38.3772,-79.6076,5,-5.69,-178.56,226.6,CXON
2102,12:47:10,143,F,LW,2.623228,0.07,N,N,24.8,92.3,4.2,16:49:6,819.5,38.3772,-79.6076,6,-4.25,-176.38,226.5,CXON
2102,12:47:12,144,F,LW,2.532702,-0.09,N,N,24.8,92.3,4.2,16:49:7,820.1,38.3773,-79.6076,7,-6.12,-176.56,226.8,CXON
2102,12:47:13,145,F,LW,2.556037,0.02,N,N,24.8,92.3,4.2,16:49:8,821.0,38.3773,-79.6076,7,-6.12,-177.00,226.6,CXON
2102,12:47:14,146,F,LW,2.594964,0.04,N,N,24.8,92.3,4.2,16:49:9,821.5,38.3773,-79.6076,7,-6.88,-177.25,226.4,CXON
2102,12:47:15,147,F,LW,2.550706,-0.04,N,N,24.9,92.3,4.2,16:49:10,822.1,38.3773,-79.6076,7,-7.56,-176.88,226.2,CXON
2102,12:47:17,148,F,LW,2.682171,0.13,N,N,24.9,92.3,4.2,16:49:12,823.2,38.3773,-79.6076,7,-7.88,-176.81,226.2,CXON
2102,12:47:18,149,F,LW,2.578970,-0.10,N,N,24.9,92.3,4.2,16:49:13,823.9,38.3773,-79.6076,6,-6.56,-176.75,226.2,CXON
2102,12:47:19,150,F,LW,2.601401,0.02,N,N,24.9,92.3,4.2,16:49:14,823.7,38.3773,-79.6076,6,-7.44,-176.06,226.2,CXON
2102,12:47:20,151,F,LW,2.679354,0.08,N,N,24.9,92.3,4.2,16:49:15,823.6,38.3773,-79.6076,7,-6.19,-176.88,225.9,CXON
2102,12:47:21,152,F,LW,2.692430,0.01,N,N,24.9,92.3,4.2,16:49:16,823.2,38.3773,-79.6076,7,-5.12,-176.50,226.0,CXON
2102,12:47:23,153,F,LW,2.890285,0.20,N,N,24.9,92.3,4.2,16:49:18,822.2,38.3773,-79.6076,6,-3.94,-176.56,261.8,CXON
2102,12:47:24,154,F,LW,2.915532,0.03,N,N,25.0,92.3,4.2,16:49:19,822.2,38.3773,-79.6076,6,-2.06,-177.56,276.7,CXON
2102,12:47:25,155,F,LW,3.029800,0.11,N,N,25.0,92.3,4.2,16:49:20,822.5,38.3773,-79.6076,6,-3.31,-176.88,318.6,CXON
2102,12:47:26,156,F,LW,3.039457,0.01,N,N,25.0,92.3,4.2,16:49:21,821.5,38.3772,-79.6076,7,-0.50,-175.88,23.6,CXON
2102,12:47:27,157,F,LW,3.245666,0.21,N,N,25.0,92.3,4.2,16:49:22,820.1,38.3772,-79.6076,7,0.38,-177.88,30.3,CXON
2102,12:47:28,158,F,LW,3.267092,0.02,N,N,25.0,92.3,4.2,16:49:24,818.1,38.3772,-79.6076,7,-1.69,-179.69,11.2,CXON
2102,12:47:30,159,F,LW,3.498253,0.23,N,N,25.0,92.3,4.2,16:49:25,817.8,38.3772,-79.6076,7,-1.88,178.75,4.8,CXON
2102,12:47:31,160,F,LW,3.577219,0.08,N,N,25.0,92.3,4.2,16:49:26,817.9,38.3772,-79.6076,7,-3.38,177.94,12.7,CXON
2102,12:47:32,161,F,LW,3.719058,0.14,N,N,25.1,92.3,4.2,16:49:27,817.8,38.3772,-79.6076,7,-2.62,179.56,34.5,CXON
2102,12:47:33,162,F,LW,3.555190,-0.16,N,N,25.1,92.3,4.2,16:49:28,817.5,38.3772,-79.6076,7,-1.50,-178.81,50.3,CXON
2102,12:47:35,163,F,LW,3.591906,0.04,N,N,25.1,92.3,4.2,16:49:30,817.1,38.3772,-79.6076,7,-2.00,-178.25,43.4,CXON
2102,12:47:36,164,F,LW,3.838868,0.25,N,N,25.1,92.3,4.2,16:49:31,817.4,38.3772,-79.6076,7,-5.25,-179.75,41.5,CXON
2102,12:47:37,165,F,LW,3.852046,0.01,N,N,25.1,92.3,4.2,16:49:32,817.4,38.3772,-79.6076,7,-4.00,-179.06,40.8,CXON
2102,12:47:38,166,F,LW,3.707993,-0.14,N,N,25.1,92.3,4.2,16:49:33,817.6,38.3772,-79.6076,7,-4.50,-179.56,43.5,CXON
2102,12:47:39,167,F,LW,3.713525,0.01,N,N,25.1,92.3,4.2,16:49:34,817.5,38.3772,-79.6076,7,1.94,178.50,11.6,CXON
2102,12:47:40,168,F,LW,3.638180,-0.08,N,N,25.2,92.3,4.2,16:49:36,816.9,38.3772,-79.6076,7,-8.31,-178.50,26.6,CXON
2102,12:47:42,169,F,LW,3.617659,-0.02,N,N,25.2,92.3,4.2,16:49:37,817.1,38.3772,-79.6076,7,-1.88,178.44,35.0,CXON
2102,12:47:43,170,F,LW,3.585770,-0.03,N,N,25.2,92.3,4.2,16:49:38,817.0,38.3771,-79.6076,7,-6.56,178.62,39.5,CXON
2102,12:47:44,171,F,LW,3.582450,-0.00,N,N,25.2,92.3,4.2,16:49:39,816.8,38.3771,-79.6076,7,-5.12,178.06,35.2,CXON
2102,12:47:45,172,F,LW,3.722680,0.14,N,N,25.2,92.3,4.2,16:49:40,816.8,38.3771,-79.6076,7,-6.00,177.62,39.8,CXON
2102,12:47:46,173,F,LW,3.556396,-0.17,N,N,25.2,92.3,4.2,16:49:42,816.5,38.3771,-79.6077,7,-5.31,177.06,42.9,CXON
2102,12:47:48,174,F,LW,3.588285,0.03,N,N,25.3,92.3,4.2,16:49:43,816.0,38.3771,-79.6077,7,-6.62,177.75,40.6,CXON
2102,12:47:49,175,F,LW,3.611824,0.02,N,N,25.3,92.3,4.2,16:49:44,815.5,38.3771,-79.6077,7,-7.38,179.88,44.1,CXON
2102,12:47:50,176,F,LW,3.767848,0.16,N,N,25.3,92.3,4.2,16:49:45,815.2,38.3771,-79.6077,7,-7.00,-179.88,45.4,CXON
2102,12:47:51,177,F,LW,3.812512,0.04,N,N,25.3,92.3,4.2,16:49:46,815.0,38.3771,-79.6077,7,-4.56,179.25,26.4,CXON
2102,12:47:52,178,F,LW,3.763019,-0.05,N,N,25.3,92.3,4.2,16:49:48,814.3,38.3771,-79.6077,7,-7.00,178.25,29.6,CXON
2102,12:47:54,179,F,LW,3.864923,0.10,N,N,25.3,92.3,4.2,16:49:49,814.2,38.3771,-79.6077,7,-11.31,172.44,33.2,CXON
2102,12:47:55,180,F,LW,3.486383,-0.38,N,N,25.4,92.3,4.2,16:49:50,814.0,38.3771,-79.6077,7,-10.44,-170.69,17.2,CXON
2102,12:47:56,181,F,LW,3.497247,0.01,N,N,25.4,92.3,4.2,16:49:51,813.5,38.3771,-79.6077,7,-6.94,179.94,8.8,CXON
2102,12:47:57,182,F,LW,3.595528,0.10,N,N,25.4,92.3,4.2,16:49:52,812.9,38.3771,-79.6077,6,-13.00,-178.75,356.4,CXON
2102,12:47:58,183,F,LW,3.595427,-0.00,N,N,25.4,92.3,4.2,16:49:54,813.2,38.3771,-79.6077,6,-16.12,-178.62,0.2,CXON
2102,12:48:00,184,F,LW,3.732739,0.14,N,N,25.4,92.3,4.2,16:49:55,813.0,38.3771,-79.6077,6,-14.88,-175.94,6.1,CXON
2102,12:48:01,185,F,LW,3.755373,0.02,N,N,25.4,92.3,4.2,16:49:56,813.0,38.3771,-79.6077,6,-11.88,-177.62,10.8,CXON
2102,12:48:02,186,F,LW,3.779517,0.02,N,N,25.4,92.3,4.2,16:49:57,813.2,38.3771,-79.6077,6,-11.75,-178.31,11.6,CXON
2102,12:48:03,187,F,LW,3.645020,-0.13,N,N,25.5,92.3,4.2,16:49:58,813.3,38.3771,-79.6077,6,-14.19,-179.81,13.3,CXON
2102,12:48:04,188,F,LW,3.776901,0.13,N,N,25.5,92.3,4.2,16:50:0,814.1,38.3771,-79.6077,6,-14.00,178.81,359.4,CXON
2102,12:48:06,189,F,LW,3.672583,-0.10,N,N,25.5,92.3,4.2,16:50:1,814.5,38.3771,-79.6077,6,-16.25,177.81,347.6,CXON
2102,12:48:07,190,F,LW,180.598221,176.93,N,N,25.3,-109.7,4.2,16:50:2,814.8,38.3771,-79.6077,6,-15.50,179.50,338.9,CXON
2102,12:48:08,191,F,LW,4.066019,-176.53,N,N,25.5,92.3,4.2,16:50:3,815.0,38.3771,-79.6077,6,-17.44,-178.06,344.0,CXON
2102,12:48:09,192,F,LW,3.762817,-0.30,N,N,25.5,92.3,4.2,16:50:4,815.3,38.3771,-79.6077,6,-12.25,179.31,351.2,CXON
2102,12:48:11,193,F,LW,3.788872,0.03,N,N,25.5,92.3,4.2,16:50:6,815.4,38.3771,-79.6077,6,-8.31,-179.06,4.9,CXON
2102,12:48:12,194,F,LW,3.784647,-0.00,N,N,25.6,92.3,4.2,16:50:7,815.5,38.3771,-79.6077,6,-7.00,179.19,13.6,CXON
2102,12:48:13,195,F,LW,3.676305,-0.11,N,N,25.6,92.3,4.2,16:50:8,815.6,38.3771,-79.6077,6,-8.12,177.62,8.2,CXON
2102,12:48:14,196,F,LW,3.710105,0.03,N,N,25.6,92.3,4.2,16:50:9,815.7,38.3771,-79.6077,6,-8.69,178.12,359.7,CXON
2102,12:48:15,197,F,LW,3.764729,0.05,N,N,25.6,92.3,4.2,16:50:10,815.8,38.3771,-79.6077,6,-9.88,177.56,0.2,CXON
2102,12:48:17,198,F,LW,3.771569,0.01,N,N,25.6,92.3,4.2,16:50:12,816.1,38.3771,-79.6077,6,-11.00,177.19,348.7,CXON
2102,12:48:18,199,F,LW,3.751551,-0.02,N,N,25.6,92.3,4.2,16:50:13,816.2,38.3771,-79.6077,6,-10.12,177.50,349.6,CXON
2102,12:48:19,200,F,LW,3.763823,0.01,N,N,25.6,92.3,4.2,16:50:14,816.2,38.3771,-79.6077,6,-10.31,177.62,351.3,CXON
2102,12:48:20,201,F,LW,3.758794,-0.01,N,N,25.7,92.3,4.2,16:50:15,816.5,38.3771,-79.6077,6,-10.56,176.62,348.6,CXON
2102,12:48:21,202,F,LW,3.817743,0.06,N,N,25.7,92.3,4.2,16:50:16,816.7,38.3771,-79.6077,6,-12.62,175.62,336.4,CXON
2102,12:48:23,203,F,LW,3.721070,-0.10,N,N,25.7,92.3,4.2,16:50:18,817.0,38.3770,-79.6077,6,-18.38,176.81,323.1,CXON
2102,12:48:24,204,F,LW,3.796216,0.08,N,N,25.7,92.3,4.2,16:50:19,817.2,38.3770,-79.6077,6,-18.69,178.56,317.6,CXON
2102,12:48:25,205,F,LW,3.679323,-0.12,N,N,25.7,92.3,4.2,16:50:20,817.3,38.3770,-79.6077,6,-12.38,177.75,317.6,CXON
2102,12:48:26,206,F,LW,3.601765,-0.08,N,N,25.7,92.3,4.2,16:50:21,817.2,38.3770,-79.6077,6,-12.81,-179.94,321.7,CXON
2102,12:48:27,207,F,LW,3.646931,0.05,N,N,25.8,92.3,4.2,16:50:22,817.4,38.3770,-79.6077,6,-6.81,-177.94,337.1,CXON
2102,12:48:29,208,F,LW,3.685560,0.04,N,N,25.8,92.3,4.2,16:50:24,817.9,38.3770,-79.6077,6,-6.25,-176.62,335.6,CXON
2102,12:48:30,209,F,LW,3.754468,0.07,N,N,25.8,92.3,4.2,16:50:25,817.6,38.3770,-79.6077,6,-6.50,-176.50,328.2,CXON
2102,12:48:31,210,F,LW,3.820660,0.07,N,N,25.8,92.3,4.2,16:50:26,817.7,38.3770,-79.6077,6,-7.31,179.62,327.2,CXON
2102,12:48:32,211,F,LW,3.758291,-0.06,N,N,25.8,92.3,4.2,16:50:27,817.5,38.3770,-79.6077,6,-12.75,-178.56,326.1,CXON
2102,12:48:33,212,F,LW,3.746722,-0.01,N,N,25.8,92.3,4.2,16:50:28,817.4,38.3770,-79.6077,6,-15.00,-178.06,324.2,CXON
2102,12:48:35,213,F,LW,3.712117,-0.03,N,N,25.8,92.3,4.2,16:50:30,817.7,38.3770,-79.6077,6,-12.94,-179.50,320.6,CXON
2102,12:48:36,214,F,LW,3.685460,-0.03,N,N,25.8,92.3,4.2,16:50:31,817.6,38.3770,-79.6077,6,-11.00,-0.06,321.6,CXON
2102,12:48:37,215,F,LW,3.743201,0.06,N,N,25.9,92.3,4.2,16:50:32,817.7,38.3770,-79.6077,6,-11.94,-176.12,321.3,CXON
2102,12:48:38,216,F,LW,3.803257,0.06,N,N,25.9,92.3,4.2,16:50:33,817.6,38.3770,-79.6077,6,-10.62,-175.88,317.9,CXON
2102,12:48:39,217,F,LW,3.819252,0.02,N,N,25.9,92.3,4.2,16:50:34,817.5,38.3770,-79.6077,6,-11.31,-176.00,319.4,CXON
2102,12:48:41,218,F,LW,3.877196,0.06,N,N,25.9,92.3,4.2,16:50:36,817.6,38.3770,-79.6077,6,-11.94,-175.38,320.2,CXON
2102,12:48:42,219,F,LW,3.750344,-0.13,N,N,25.9,92.3,4.2,16:50:37,817.7,38.3770,-79.6077,6,-11.75,-175.62,320.5,CXON
2102,12:48:43,220,F,LW,4.090262,0.34,N,N,25.9,92.3,4.2,16:50:38,817.7,38.3770,-79.6077,6,-10.06,-175.62,321.4,CXON
2102,12:48:44,221,F,LW,3.807381,-0.28,N,N,26.0,92.3,4.2,16:50:39,817.7,38.3770,-79.6077,6,-10.12,-174.62,321.4,CXON
2102,12:48:45,222,F,LW,3.475520,-0.33,N,N,26.0,92.3,4.2,16:50:40,817.7,38.3770,-79.6077,6,-4.75,-172.75,332.7,CXON
2102,12:48:47,223,F,LW,3.442525,-0.03,N,N,26.0,92.3,4.2,16:50:42,817.6,38.3770,-79.6077,6,-2.94,-175.19,336.2,CXON
2102,12:48:48,224,F,LW,3.405708,-0.04,N,N,26.0,92.3,4.2,16:50:43,817.6,38.3770,-79.6077,6,-5.81,-179.31,336.1,CXON
2102,12:48:49,225,F,LW,3.575006,0.17,N,N,26.0,92.3,4.2,16:50:44,817.6,38.3770,-79.6077,6,-6.25,177.62,336.4,CXON
2102,12:48:50,226,F,LW,3.843496,0.27,N,N,26.0,92.3,4.2,16:50:45,817.7,38.3770,-79.6077,6,-7.25,172.81,328.1,CXON
2102,12:48:51,227,F,LW,3.831927,-0.01,N,N,26.0,92.3,4.2,16:50:46,817.7,38.3770,-79.6077,6,-5.00,172.81,338.3,CXON
2102,12:48:53,228,F,LW,4.028193,0.20,N,N,26.1,92.3,4.2,16:50:48,817.3,38.3770,-79.6077,6,-4.31,173.62,341.1,CXON
2102,12:48:54,229,F,LW,3.839572,-0.19,N,N,26.1,92.3,4.2,16:50:49,817.0,38.3770,-79.6077,6,-4.31,165.38,340.0,CXON
2102,12:48:55,230,F,LW,3.798026,-0.04,N,N,26.1,92.3,4.2,16:50:50,816.9,38.3770,-79.6077,6,-4.62,165.00,339.9,CXON
2102,12:48:56,231,F,LW,3.651760,-0.15,N,N,26.1,92.3,4.2,16:50:51,817.0,38.3770,-79.6077,6,-8.75,168.31,345.8,CXON
2102,12:48:57,232,F,LW,3.688075,0.04,N,N,26.1,92.3,4.2,16:50:52,817.2,38.3770,-79.6077,6,-8.88,173.12,338.6,CXON
2102,12:48:59,233,F,LW,3.651962,-0.04,N,N,26.1,92.3,4.2,16:50:54,817.8,38.3770,-79.6077,6,-8.06,-176.19,339.3,CXON
2102,12:49:00,234,F,LW,3.691093,0.04,N,N,26.1,92.3,4.2,16:50:55,818.4,38.3770,-79.6077,5,-9.81,-174.75,340.2,CXON
2102,12:49:01,235,F,LW,3.601563,-0.09,N,N,26.2,92.3,4.2,16:50:56,818.8,38.3770,-79.6077,5,-8.38,178.25,340.8,CXON
2102,12:49:02,236,F,LW,3.578527,-0.02,N,N,26.2,92.3,4.2,16:50:57,818.9,38.3770,-79.6077,5,-6.94,177.94,339.9,CXON
2102,12:49:03,237,F,LW,3.658601,0.08,N,N,26.2,92.3,4.2,16:50:58,819.0,38.3770,-79.6077,6,-7.19,-174.06,340.8,CXON
2102,12:49:05,238,F,LW,3.550059,-0.11,N,N,26.2,92.3,4.2,16:51:0,819.1,38.3770,-79.6077,6,-3.94,-177.69,340.7,CXON
2102,12:49:06,239,F,LW,3.652465,0.10,N,N,26.2,92.3,4.2,16:51:1,819.6,38.3770,-79.6077,6,-4.75,-174.75,339.9,CXON
2102,12:49:07,240,F,LW,3.820962,0.17,N,N,26.2,92.3,4.2,16:51:2,819.7,38.3770,-79.6077,6,-6.56,-177.25,341.8,CXON
2102,12:49:08,241,F,LW,3.910997,0.09,N,N,26.2,92.3,4.2,16:51:3,819.9,38.3770,-79.6077,6,-5.12,-179.75,338.2,CXON
2102,12:49:09,242,F,LW,3.869450,-0.04,N,N,26.3,92.3,4.2,16:51:4,820.3,38.3770,-79.6077,6,-4.06,-179.75,337.9,CXON
2102,12:49:11,243,F,LW,3.627517,-0.24,N,N,26.3,92.3,4.2,16:51:6,821.0,38.3770,-79.6077,6,-2.94,-178.50,337.1,CXON
2102,12:49:12,244,F,LW,3.684353,0.06,N,N,26.3,92.3,4.2,16:51:7,820.9,38.3770,-79.6077,5,-3.81,-179.88,335.1,CXON
2102,12:49:13,245,F,LW,3.312460,-0.37,N,N,26.3,92.3,4.2,16:51:8,820.8,38.3771,-79.6077,5,-4.31,-179.25,338.9,CXON
2102,12:49:14,246,F,LW,2.974679,-0.34,N,N,26.3,92.3,4.2,16:51:9,820.7,38.3770,-79.6077,5,-3.88,-179.06,340.1,CXON
2102,12:49:15,247,F,LW,3.299382,0.32,N,N,26.3,92.3,4.2,16:51:10,820.6,38.3771,-79.6077,5,-2.69,-178.06,341.9,CXON
2102,12:49:17,248,F,LW,3.160064,-0.14,N,N,26.4,92.3,4.2,16:51:12,820.2,38.3771,-79.6077,5,-2.06,-177.62,343.9,CXON
2102,12:49:18,249,F,LW,3.537284,0.38,N,N,26.4,92.3,4.2,16:51:13,820.1,38.3771,-79.6077,5,-2.00,-178.12,343.4,CXON
2102,12:49:19,250,F,LW,3.740485,0.20,N,N,26.4,92.3,4.2,16:51:14,820.1,38.3771,-79.6077,6,-1.50,-177.56,342.8,CXON
2102,12:49:20,251,F,LW,3.645825,-0.09,N,N,26.4,92.3,4.2,16:51:15,820.2,38.3771,-79.6077,6,-2.50,178.44,358.8,CXON
2102,12:49:21,252,F,LW,4.061391,0.42,N,N,26.4,92.3,4.2,16:51:16,820.2,38.3771,-79.6077,6,2.06,179.25,356.9,CXON
2102,12:49:23,253,F,LW,4.400817,0.34,N,N,26.4,92.3,4.2,16:51:18,819.6,38.3770,-79.6077,6,2.38,-173.00,348.2,CXON
2102,12:49:24,254,F,LW,4.465505,0.06,N,N,26.4,92.3,4.2,16:51:19,819.5,38.3770,-79.6077,6,0.75,179.44,346.8,CXON
2102,12:49:25,255,F,LW,4.538844,0.07,N,N,26.4,92.3,4.2,16:51:20,819.0,38.3771,-79.6077,6,-0.88,179.88,343.2,CXON
2102,12:49:26,256,F,LW,4.746994,0.21,N,N,26.5,92.3,4.2,16:51:21,818.6,38.3770,-79.6077,6,-0.38,179.06,356.0,CXON
2102,12:49:27,257,F,LW,4.451320,-0.30,N,N,26.5,92.3,4.2,16:51:22,818.5,38.3770,-79.6077,6,-1.75,-178.12,32.8,CXON
2102,12:49:29,258,F,LW,4.805749,0.35,N,N,26.5,92.3,4.2,16:51:24,818.5,38.3770,-79.6077,6,0.12,-178.19,40.8,CXON
2102,12:49:30,259,F,LW,4.719831,-0.09,N,N,26.5,92.3,4.2,16:51:25,818.4,38.3770,-79.6077,6,3.81,-178.00,41.6,CXON
2102,12:49:31,260,F,LW,5.099723,0.38,N,N,26.5,92.3,4.2,16:51:26,818.2,38.3770,-79.6077,6,1.00,-178.50,41.6,CXON
2102,12:49:32,261,F,LW,5.156165,0.06,N,N,26.5,92.3,4.2,16:51:27,818.5,38.3770,-79.6077,6,2.75,-177.31,25.5,CXON
2102,12:49:33,262,F,LW,5.028996,-0.13,N,N,26.5,92.3,4.2,16:51:28,818.6,38.3770,-79.6077,6,0.81,-176.88,31.6,CXON
2102,12:49:35,263,F,LW,4.942574,-0.09,N,N,26.6,92.3,4.2,16:51:30,818.5,38.3770,-79.6077,6,1.50,-177.50,28.2,CXON
2102,12:49:36,264,F,LW,4.908568,-0.03,N,N,26.6,92.3,4.2,16:51:31,818.4,38.3770,-79.6077,6,-0.56,-177.31,33.3,CXON
2102,12:49:37,265,F,LW,4.818928,-0.09,N,N,26.6,92.3,4.2,16:51:32,818.4,38.3770,-79.6077,6,1.62,178.06,39.2,CXON
2102,12:49:38,266,F,LW,4.954043,0.14,N,N,26.6,92.3,4.2,16:51:33,818.7,38.3769,-79.6077,6,1.62,178.88,37.8,CXON
2102,12:49:39,267,F,LW,4.675867,-0.28,N,N,26.6,92.3,4.2,16:51:34,819.0,38.3769,-79.6077,6,0.50,178.44,31.1,CXON
2102,12:49:41,268,F,LW,604.809753,600.13,N,N,26.5,92.3,4.2,16:51:36,818.7,38.3769,-79.6078,6,2.00,179.12,6.9,CXON
2102,12:49:42,269,F,LW,4.722548,-600.09,N,N,26.6,92.3,4.2,16:51:37,818.5,38.3769,-79.6078,6,0.88,-179.44,346.8,CXON
2102,12:49:43,270,F,LW,4.574961,-0.15,N,N,26.7,92.3,4.2,16:51:38,818.8,38.3769,-79.6078,7,0.88,177.06,354.5,CXON
2102,12:49:44,271,F,LW,4.548099,-0.03,N,N,26.7,92.3,4.2,16:51:39,819.7,38.3769,-79.6078,7,2.50,179.38,5.6,CXON
2102,12:49:45,272,F,LW,4.508060,-0.04,N,N,26.7,92.3,4.2,16:51:40,820.6,38.3769,-79.6078,7,3.94,178.12,18.8,CXON
2102,12:49:47,273,F,LW,4.544679,0.04,N,N,26.7,92.3,4.2,16:51:42,821.9,38.3769,-79.6078,7,3.81,178.50,25.1,CXON
2102,12:49:48,274,F,LW,4.639951,0.10,N,N,26.7,92.3,4.2,16:51:43,822.2,38.3769,-79.6078,7,5.19,179.25,14.8,CXON
2102,12:49:49,275,F,LW,4.579890,-0.06,N,N,26.7,92.3,4.2,16:51:44,822.3,38.3769,-79.6078,7,3.06,177.88,14.0,CXON
2102,12:49:50,276,F,LW,4.694579,0.11,N,N,26.8,92.3,4.2,16:51:45,822.5,38.3769,-79.6078,7,5.12,179.38,21.6,CXON
2102,12:49:51,277,F,LW,4.911788,0.22,N,N,26.8,92.3,4.2,16:51:46,822.5,38.3769,-79.6078,7,5.62,176.81,24.9,CXON
2102,12:49:53,278,F,LW,4.914303,0.00,N,N,26.8,92.3,4.2,16:51:48,822.9,38.3768,-79.6078,7,5.38,-179.38,25.1,CXON
2102,12:49:54,279,F,LW,4.811483,-0.10,N,N,26.8,92.3,4.2,16:51:49,822.5,38.3768,-79.6078,7,7.12,-179.69,32.9,CXON
2102,12:49:55,280,F,LW,4.861485,0.05,N,N,26.8,92.3,4.2,16:51:50,822.6,38.3768,-79.6078,7,5.12,178.50,30.5,CXON
2102,12:49:56,281,F,LW,4.987243,0.13,N,N,26.8,92.3,4.2,16:51:51,822.5,38.3768,-79.6078,7,4.88,177.00,30.4,CXON
2102,12:49:57,282,F,LW,5.026681,0.04,N,N,26.8,92.3,4.2,16:51:52,822.4,38.3768,-79.6078,7,3.50,179.06,31.4,CXON
2102,12:49:59,283,F,LW,5.072559,0.05,N,N,26.9,92.3,4.2,16:51:54,822.2,38.3768,-79.6079,7,0.75,-178.94,33.6,CXON
2102,12:50:00,284,F,LW,5.150632,0.08,N,N,26.9,92.3,4.2,16:51:55,822.1,38.3768,-79.6079,7,5.38,179.88,35.9,CXON
2102,12:50:01,285,F,LW,5.307885,0.16,N,N,26.9,92.3,4.2,16:51:56,822.2,38.3767,-79.6079,7,6.38,178.69,38.5,CXON
2102,12:50:02,286,F,LW,5.331126,0.02,N,N,26.8,92.3,4.2,16:51:57,822.2,38.3767,-79.6079,7,7.88,177.75,43.1,CXON
2102,12:50:03,287,F,LW,5.205866,-0.13,N,N,26.9,92.3,4.2,16:51:59,822.0,38.3767,-79.6079,6,4.31,176.19,46.6,CXON
2102,12:50:05,288,F,LW,5.082217,-0.12,N,N,26.9,92.3,4.2,16:52:0,821.8,38.3767,-79.6079,6,4.62,175.94,45.4,CXON
2102,12:50:06,289,F,LW,5.138760,0.06,N,N,26.9,92.3,4.2,16:52:1,822.0,38.3767,-79.6079,6,5.19,176.81,36.6,CXON
2102,12:50:07,290,F,LW,5.149927,0.01,N,N,27.0,92.3,4.2,16:52:2,821.4,38.3767,-79.6079,6,3.69,-179.50,14.2,CXON
2102,12:50:08,291,F,LW,5.188662,0.04,N,N,27.0,92.3,4.2,16:52:3,821.5,38.3767,-79.6079,6,3.00,-178.69,21.4,CXON
2102,12:50:09,292,F,LW,5.227698,0.04,N,N,27.0,92.3,4.2,16:52:5,821.8,38.3767,-79.6080,6,3.19,179.44,31.6,CXON
2102,12:50:11,293,F,LW,5.197516,-0.03,N,N,27.0,92.3,4.2,16:52:6,822.0,38.3767,-79.6080,6,2.75,175.94,29.5,CXON
2102,12:50:12,294,F,LW,5.367749,0.17,N,N,27.0,92.3,4.2,16:52:7,821.8,38.3767,-79.6080,6,4.81,173.81,25.6,CXON
2102,12:50:13,295,F,LW,5.323883,-0.04,N,N,27.0,92.3,4.2,16:52:8,821.0,38.3766,-79.6080,7,2.06,176.12,31.0,CXON
2102,12:50:14,296,F,LW,5.687095,0.36,N,N,27.0,92.3,4.2,16:52:9,820.5,38.3766,-79.6080,7,1.38,178.38,35.2,CXON
2102,12:50:15,297,F,LW,5.588392,-0.10,N,N,27.0,92.3,4.2,16:52:11,819.4,38.3766,-79.6080,7,3.75,178.19,36.2,CXON
2102,12:50:17,298,F,LW,5.378314,-0.21,N,N,27.1,92.3,4.2,16:52:12,818.7,38.3766,-79.6080,7,3.94,178.94,15.9,CXON
2102,12:50:18,299,F,LW,5.387771,0.01,N,N,27.1,92.3,4.2,16:52:13,818.3,38.3766,-79.6080,7,2.12,177.19,26.7,CXON
2102,12:50:19,300,F,LW,5.365838,-0.02,N,N,27.1,92.3,4.2,16:52:14,818.0,38.3766,-79.6080,7,-0.69,178.88,43.7,CXON
2102,12:50:20,301,F,LW,5.384048,0.02,N,N,27.1,92.3,4.2,16:52:15,817.5,38.3766,-79.6080,7,2.00,174.19,46.9,CXON
2102,12:50:21,302,F,LW,5.383847,-0.00,N,N,27.1,92.3,4.2,16:52:17,817.6,38.3766,-79.6081,7,1.56,174.50,37.8,CXON
2102,12:50:23,303,F,LW,5.714864,0.33,N,N,27.1,92.3,4.2,16:52:18,817.5,38.3766,-79.6081,7,-0.56,177.62,33.9,CXON
2102,12:50:24,304,F,LW,5.487277,-0.23,N,N,27.1,92.3,4.2,16:52:19,817.6,38.3766,-79.6081,7,2.38,177.75,37.1,CXON
2102,12:50:25,305,F,LW,5.613244,0.13,N,N,27.1,92.3,4.2,16:52:20,817.4,38.3765,-79.6081,7,4.06,175.25,50.7,CXON
2102,12:50:26,306,F,LW,5.816989,0.20,N,N,27.2,92.3,4.2,16:52:21,817.4,38.3765,-79.6081,7,4.88,177.44,50.8,CXON
2102,12:50:27,307,F,LW,5.810046,-0.01,N,N,27.2,92.3,4.2,16:52:22,817.8,38.3765,-79.6081,7,6.25,-179.62,41.8,CXON
2102,12:50:29,308,F,LW,5.885710,0.08,N,N,27.2,92.3,4.2,16:52:24,818.4,38.3765,-79.6081,7,4.56,178.50,44.4,CXON
2102,12:50:30,309,F,LW,5.753802,-0.13,N,N,27.2,92.3,4.2,16:52:25,818.7,38.3765,-79.6081,7,5.31,178.00,33.6,CXON
2102,12:50:31,310,F,LW,5.814775,0.06,N,N,27.2,92.3,4.2,16:52:26,818.8,38.3765,-79.6082,7,6.06,-177.06,31.2,CXON
2102,12:50:32,311,F,LW,5.974957,0.16,N,N,27.2,92.3,4.2,16:52:27,818.8,38.3765,-79.6082,7,7.06,-177.81,31.2,CXON
2102,12:50:34,312,F,LW,6.034623,0.06,N,N,27.2,92.3,4.2,16:52:29,819.1,38.3765,-79.6082,7,8.38,178.12,31.3,CXON
2102,12:50:35,313,F,LW,5.988138,-0.05,N,N,27.3,92.3,4.2,16:52:30,819.0,38.3765,-79.6082,6,8.31,-179.81,33.4,CXON
2102,12:50:36,314,F,LW,5.817492,-0.17,N,N,27.3,92.3,4.2,16:52:31,818.8,38.3765,-79.6082,6,5.75,178.69,37.9,CXON
2102,12:50:37,315,F,LW,5.967914,0.15,N,N,27.3,92.3,4.2,16:52:32,818.8,38.3765,-79.6082,6,6.25,177.12,23.4,CXON
2102,12:50:38,316,F,LW,5.850595,-0.12,N,N,27.3,92.3,4.2,16:52:33,818.9,38.3764,-79.6082,6,8.56,176.12,21.3,CXON
2102,12:50:40,317,F,LW,5.888728,0.04,N,N,27.3,92.3,4.2,16:52:35,818.8,38.3764,-79.6083,6,8.38,177.56,33.4,CXON
2102,12:50:41,318,F,LW,5.834195,-0.05,N,N,27.3,92.3,4.2,16:52:36,818.7,38.3764,-79.6083,6,5.00,177.94,38.7,CXON
2102,12:50:42,319,F,LW,6.023052,0.19,N,N,27.3,92.3,4.2,16:52:37,818.3,38.3764,-79.6083,6,2.31,178.88,41.9,CXON
2102,12:50:43,320,F,LW,5.984818,-0.04,N,N,27.4,92.3,4.2,16:52:38,817.9,38.3764,-79.6083,6,5.12,175.31,46.1,CXON
2102,12:50:44,321,F,LW,5.938835,-0.05,N,N,27.4,92.3,4.2,16:52:39,817.6,38.3764,-79.6083,6,8.69,176.50,44.7,CXON
2102,12:50:46,322,F,LW,5.837314,-0.10,N,N,27.4,92.3,4.2,16:52:41,817.5,38.3764,-79.6083,6,7.50,176.69,37.5,CXON
2102,12:50:47,323,F,LW,5.855123,0.02,N,N,27.4,92.3,4.2,16:52:42,817.3,38.3764,-79.6083,6,6.06,175.56,17.8,CXON
2102,12:50:48,324,F,LW,5.827453,-0.03,N,N,27.4,92.3,4.2,16:52:43,817.0,38.3764,-79.6083,6,6.25,-176.62,337.2,CXON
2102,12:50:49,325,F,LW,5.844859,0.02,N,N,27.4,92.3,4.2,16:52:44,816.5,38.3764,-79.6083,6,5.12,-175.56,353.6,CXON
2102,12:50:50,326,F,LW,5.940646,0.10,N,N,27.5,92.3,4.2,16:52:45,816.3,38.3764,-79.6084,6,3.62,-179.81,7.2,CXON
2102,12:50:51,327,F,LW,5.933805,-0.01,N,N,27.5,92.3,4.2,16:52:47,816.6,38.3763,-79.6084,6,4.75,179.44,36.1,CXON
2102,12:50:53,328,F,LW,6.020738,0.09,N,N,27.5,92.3,4.2,16:52:48,816.5,38.3763,-79.6084,6,9.06,176.75,28.8,CXON
2102,12:50:54,329,F,LW,5.831578,-0.19,N,N,27.5,92.3,4.2,16:52:49,816.4,38.3763,-79.6084,6,9.69,178.12,26.4,CXON
2102,12:50:55,330,F,LW,5.771511,-0.06,N,N,27.5,92.3,4.2,16:52:50,816.2,38.3763,-79.6084,6,10.81,178.25,11.1,CXON
2102,12:50:56,331,F,LW,5.779761,0.01,N,N,27.5,92.3,4.2,16:52:51,817.3,38.3763,-79.6084,7,9.94,179.06,11.8,CXON
2102,12:50:58,332,F,LW,5.789823,0.01,N,N,27.5,92.3,4.2,16:52:53,818.4,38.3763,-79.6084,7,9.38,179.25,26.4,CXON
2102,12:50:59,333,F,LW,5.905129,0.12,N,N,27.5,92.3,4.2,16:52:54,818.8,38.3763,-79.6084,7,1.56,-178.81,34.7,CXON
2102,12:51:00,334,F,LW,5.778252,-0.13,N,N,27.6,92.3,4.2,16:52:55,819.1,38.3763,-79.6084,7,3.94,178.19,44.2,CXON
2102,12:51:01,335,F,LW,5.676229,-0.10,N,N,27.6,92.3,4.2,16:52:56,819.3,38.3763,-79.6085,7,2.88,179.75,59.7,CXON
2102,12:51:02,336,F,LW,5.791533,0.12,N,N,27.6,92.3,4.2,16:52:57,819.6,38.3763,-79.6085,7,0.81,176.44,58.0,CXON
2102,12:51:03,337,F,LW,5.782981,-0.01,N,N,27.6,92.3,4.2,16:52:59,820.2,38.3763,-79.6085,7,1.69,179.94,53.4,CXON
2102,12:51:05,338,F,LW,5.845966,0.06,N,N,27.6,92.3,4.2,16:53:0,819.8,38.3763,-79.6085,7,0.81,178.81,48.4,CXON
2102,12:51:06,339,F,LW,5.817492,-0.03,N,N,27.6,92.3,4.2,16:53:1,820.0,38.3762,-79.6085,7,3.88,176.44,43.4,CXON
2102,12:51:07,340,F,LW,5.696351,-0.12,N,N,27.6,92.3,4.2,16:53:2,820.0,38.3762,-79.6085,7,2.94,177.81,41.0,CXON
2102,12:51:08,341,F,LW,5.814172,0.12,N,N,27.6,92.3,4.2,16:53:3,820.1,38.3762,-79.6085,7,2.75,-178.25,34.2,CXON
2102,12:51:10,342,F,LW,5.844155,0.03,N,N,27.7,92.3,4.2,16:53:5,820.0,38.3762,-79.6085,7,1.06,178.06,37.2,CXON
2102,12:51:11,343,F,LW,5.883496,0.04,N,N,27.7,92.3,4.2,16:53:6,820.3,38.3762,-79.6085,7,1.25,177.31,58.1,CXON
2102,12:51:12,344,F,LW,5.939942,0.06,N,N,27.7,92.3,4.2,16:53:7,820.8,38.3762,-79.6085,7,1.81,178.94,49.8,CXON
2102,12:51:13,345,F,LW,5.969826,0.03,N,N,27.7,92.3,4.2,16:53:8,821.2,38.3762,-79.6085,7,4.62,177.44,31.4,CXON
2102,12:51:14,346,F,LW,6.062595,0.09,N,N,27.7,92.3,4.2,16:53:9,821.8,38.3762,-79.6085,7,3.88,177.56,22.4,CXON
2102,12:51:16,347,F,LW,6.085234,0.02,N,N,27.7,92.3,4.2,16:53:11,822.6,38.3761,-79.6085,7,4.12,178.94,14.6,CXON
2102,12:51:17,348,F,LW,6.121457,0.04,N,N,27.8,92.3,4.2,16:53:12,823.2,38.3761,-79.6085,7,3.75,-179.88,13.4,CXON
2102,12:51:18,349,F,LW,6.163817,0.04,N,N,27.8,92.3,4.2,16:53:13,823.6,38.3761,-79.6085,7,-0.56,-177.44,1.0,CXON
2102,12:51:19,350,F,LW,6.194205,0.03,N,N,27.8,92.3,4.2,16:53:14,824.2,38.3761,-79.6085,7,-0.44,-176.19,0.1,CXON
2102,12:51:20,351,F,LW,6.171968,-0.02,N,N,27.8,92.3,4.2,16:53:15,824.6,38.3761,-79.6085,7,0.50,-175.75,358.3,CXON
2102,12:51:22,352,F,LW,6.203260,0.03,N,N,27.8,92.3,4.2,16:53:17,825.9,38.3761,-79.6085,7,3.69,-176.50,8.8,CXON
2102,12:51:23,353,F,LW,6.164823,-0.04,N,N,27.8,92.3,4.2,16:53:18,826.6,38.3761,-79.6085,7,3.50,-178.00,6.6,CXON
2102,12:51:24,354,F,LW,6.148725,-0.02,N,N,27.8,92.3,4.2,16:53:19,827.1,38.3761,-79.6085,7,3.56,-178.25,342.1,CXON
2102,12:51:25,355,F,LW,6.232440,0.08,N,N,27.8,92.3,4.2,16:53:20,827.6,38.3761,-79.6085,7,1.81,176.25,301.8,CXON
2102,12:51:26,356,F,LW,6.372806,0.14,N,N,27.9,92.3,4.2,16:53:21,827.8,38.3761,-79.6085,7,7.75,179.50,298.4,CXON
2102,12:51:28,357,F,LW,6.480169,0.11,N,N,27.9,92.3,4.2,16:53:23,828.0,38.3761,-79.6085,7,-0.06,178.19,295.9,CXON
2102,12:51:29,358,F,LW,6.521123,0.04,N,N,27.9,92.3,4.2,16:53:24,828.1,38.3761,-79.6085,7,7.19,179.19,306.9,CXON
2102,12:51:30,359,F,LW,6.536015,0.01,N,N,27.9,92.3,4.2,16:53:25,828.4,38.3761,-79.6084,7,5.50,-179.81,336.2,CXON
2102,12:51:31,360,F,LW,6.636638,0.10,N,N,27.9,92.3,4.2,16:53:26,828.9,38.3761,-79.6084,7,6.62,-176.00,6.6,CXON
2102,12:51:32,361,F,LW,6.632009,-0.00,N,N,27.9,92.3,4.2,16:53:27,829.1,38.3761,-79.6084,7,6.56,-177.06,351.1,CXON
2102,12:51:34,362,F,LW,6.588338,-0.04,N,N,27.9,92.3,4.2,16:53:29,829.7,38.3761,-79.6084,7,8.56,-175.62,353.4,CXON
2102,12:51:35,363,F,LW,6.625166,0.04,N,N,28.0,92.3,4.2,16:53:30,829.9,38.3761,-79.6084,7,8.94,-176.06,352.8,CXON
2102,12:51:36,364,F,LW,6.588539,-0.04,N,N,28.0,92.3,4.2,16:53:31,829.9,38.3761,-79.6084,7,8.50,-176.69,355.1,CXON
2102,12:51:37,365,F,LW,6.758897,0.17,N,N,28.0,92.3,4.2,16:53:32,830.0,38.3761,-79.6084,7,7.06,-175.81,354.6,CXON
2102,12:51:38,366,F,LW,6.623657,-0.14,N,N,28.0,92.3,4.2,16:53:33,830.0,38.3761,-79.6084,7,1.75,-177.69,352.8,CXON
2102,12:51:40,367,F,LW,6.636839,0.01,N,N,28.0,92.3,4.2,16:53:35,830.4,38.3761,-79.6084,7,1.44,-176.12,356.2,CXON
2102,12:51:41,368,F,LW,6.697113,0.06,N,N,28.0,92.3,4.2,16:53:36,830.4,38.3761,-79.6084,7,5.56,-175.56,3.7,CXON
2102,12:51:42,369,F,LW,6.673467,-0.02,N,N,28.0,92.3,4.2,16:53:37,830.4,38.3761,-79.6084,7,5.75,-176.44,358.2,CXON
2102,12:51:43,370,F,LW,6.607255,-0.07,N,N,28.0,92.3,4.2,16:53:38,830.3,38.3761,-79.6084,7,2.31,-175.69,354.8,CXON
2102,12:51:44,371,F,LW,6.539033,-0.07,N,N,28.1,92.3,4.2,16:53:39,830.1,38.3761,-79.6084,7,1.00,-176.75,15.1,CXON
2102,12:51:46,372,F,LW,6.686749,0.15,N,N,28.1,92.3,4.2,16:53:41,830.7,38.3761,-79.6084,7,-1.00,-176.56,32.8,CXON
2102,12:51:47,373,F,LW,6.615105,-0.07,N,N,28.1,92.3,4.2,16:53:42,830.5,38.3761,-79.6084,7,-2.56,-178.62,23.9,CXON
2102,12:51:48,374,F,LW,6.615708,0.00,N,N,28.1,92.3,4.2,16:53:43,830.3,38.3761,-79.6084,7,-1.81,179.31,18.1,CXON
2102,12:51:49,375,F,LW,6.582803,-0.03,N,N,28.1,92.3,4.2,16:53:44,830.5,38.3761,-79.6084,6,-1.00,-177.38,9.1,CXON
2102,12:51:50,376,F,LW,6.590350,0.01,N,N,28.1,92.3,4.2,16:53:45,830.8,38.3761,-79.6084,6,-1.81,177.88,330.9,CXON
2102,12:51:52,377,F,LW,6.724181,0.13,N,N,28.1,92.3,4.2,16:53:47,831.2,38.3761,-79.6084,7,-2.56,179.19,318.2,CXON
2102,12:51:53,378,F,LW,6.755777,0.03,N,N,28.1,92.3,4.2,16:53:48,831.2,38.3761,-79.6084,7,-1.94,178.38,324.8,CXON
2102,12:51:54,379,F,LW,6.718545,-0.04,N,N,28.2,92.3,4.2,16:53:49,831.2,38.3761,-79.6084,7,-1.38,174.25,327.2,CXON
2102,12:51:55,380,F,LW,6.795724,0.08,N,N,28.2,92.3,4.2,16:53:50,831.1,38.3761,-79.6084,7,-1.38,175.00,328.2,CXON
2102,12:51:56,381,F,LW,6.968098,0.17,N,N,28.2,92.3,4.2,16:53:51,830.9,38.3761,-79.6084,7,-0.69,174.38,315.4,CXON
2102,12:51:58,382,F,LW,6.857107,-0.11,N,N,28.2,92.3,4.2,16:53:53,829.6,38.3761,-79.6084,7,5.56,178.94,294.9,CXON
2102,12:51:59,383,F,LW,6.973834,0.12,N,N,28.2,92.3,4.2,16:53:54,829.0,38.3761,-79.6084,7,11.12,177.25,282.6,CXON
2102,12:52:00,384,F,LW,6.961154,-0.01,N,N,28.2,92.3,4.2,16:53:55,828.2,38.3761,-79.6084,7,-0.06,-179.94,273.8,CXON
2102,12:52:01,385,F,LW,6.968701,0.01,N,N,28.2,92.3,4.2,16:53:56,828.3,38.3761,-79.6084,7,11.00,-179.31,267.2,CXON
2102,12:52:02,386,F,LW,7.033304,0.06,N,N,28.3,92.3,4.2,16:53:57,828.0,38.3761,-79.6083,7,9.88,-179.94,273.1,CXON
2102,12:52:04,387,F,LW,7.214436,0.18,N,N,28.3,92.3,4.2,16:53:59,828.1,38.3760,-79.6083,7,2.19,-179.12,301.8,CXON
2102,12:52:05,388,F,LW,7.134938,-0.08,N,N,28.3,92.3,4.2,16:54:0,827.9,38.3760,-79.6083,7,-2.94,-179.94,315.2,CXON
2102,12:52:06,389,F,LW,7.190184,0.06,N,N,28.3,92.3,4.2,16:54:1,828.2,38.3760,-79.6083,7,-2.81,-179.00,286.2,CXON
2102,12:52:07,390,F,LW,7.191090,0.00,N,N,28.3,92.3,4.2,16:54:2,828.1,38.3761,-79.6083,7,-1.50,176.94,271.2,CXON
2102,12:52:08,391,F,LW,7.150838,-0.04,N,N,28.3,92.3,4.2,16:54:3,828.4,38.3761,-79.6083,7,-3.38,-179.81,282.3,CXON
2102,12:52:10,392,F,LW,7.280147,0.13,N,N,28.3,92.3,4.2,16:54:5,827.6,38.3761,-79.6083,7,-2.31,178.44,287.4,CXON
2102,12:52:11,393,F,LW,7.120548,-0.16,N,N,28.4,92.3,4.2,16:54:6,826.8,38.3761,-79.6083,7,-0.69,-178.06,274.2,CXON
2102,12:52:12,394,F,LW,7.079191,-0.04,N,N,28.4,92.3,4.2,16:54:7,826.1,38.3761,-79.6083,7,3.62,-178.44,285.2,CXON
2102,12:52:13,395,F,LW,7.185756,0.11,N,N,28.4,92.3,4.2,16:54:8,826.1,38.3761,-79.6083,7,5.81,-167.19,237.8,CXON
2102,12:52:14,396,F,LW,7.127593,-0.06,N,N,28.4,92.3,4.2,16:54:9,826.1,38.3761,-79.6083,7,3.56,-166.81,221.0,CXON
2102,12:52:15,397,F,LW,7.177705,0.05,N,N,28.4,92.3,4.2,16:54:11,825.9,38.3761,-79.6083,7,0.62,-165.62,195.3,CXON
2102,12:52:17,398,F,LW,7.211517,0.03,N,N,28.4,92.3,4.2,16:54:12,825.7,38.3761,-79.6083,7,-5.38,-168.25,172.2,CXON
2102,12:52:18,399,F,LW,7.285379,0.07,N,N,28.4,92.3,4.2,16:54:13,825.7,38.3760,-79.6083,7,-3.81,-165.69,202.9,CXON
2102,12:52:19,400,F,LW,7.216548,-0.07,N,N,28.4,92.3,4.2,16:54:14,825.8,38.3760,-79.6083,7,-5.19,-166.31,238.6,CXON
2102,12:52:20,401,F,LW,7.327644,0.11,N,N,28.5,92.3,4.2,16:54:15,825.8,38.3760,-79.6083,7,-2.19,-166.75,273.1,CXON
2102,12:52:22,402,F,LW,7.328650,0.00,N,N,28.5,92.3,4.2,16:54:17,825.6,38.3760,-79.6083,7,-0.19,-171.00,252.1,CXON
2102,12:52:23,403,F,LW,7.344550,0.02,N,N,28.5,92.3,4.2,16:54:18,826.0,38.3760,-79.6083,7,1.31,-173.56,241.5,CXON
2102,12:52:24,404,F,LW,7.393355,0.05,N,N,28.5,92.3,4.2,16:54:19,825.8,38.3760,-79.6083,7,1.12,-169.75,227.2,CXON
2102,12:52:25,405,F,LW,7.488351,0.09,N,N,28.5,92.3,4.2,16:54:20,826.1,38.3760,-79.6083,7,2.00,-173.62,199.5,CXON
2102,12:52:26,406,F,LW,7.498214,0.01,N,N,28.5,92.3,4.2,16:54:21,825.7,38.3760,-79.6083,7,0.75,-172.50,236.2,CXON
2102,12:52:27,407,F,LW,7.618470,0.12,N,N,28.5,92.3,4.2,16:54:23,825.9,38.3760,-79.6083,7,3.44,-173.00,233.8,CXON
2102,12:52:29,408,F,LW,7.688511,0.07,N,N,28.5,92.3,4.2,16:54:24,826.0,38.3760,-79.6083,7,2.12,-172.19,233.0,CXON
2102,12:52:30,409,F,LW,7.786327,0.10,N,N,28.6,92.3,4.2,16:54:25,825.9,38.3760,-79.6083,7,4.88,-173.44,225.9,CXON
2102,12:52:31,410,F,LW,7.880925,0.09,N,N,28.6,92.3,4.2,16:54:26,826.2,38.3760,-79.6083,7,0.00,-176.69,184.6,CXON
2102,12:52:32,411,F,LW,7.978139,0.10,N,N,28.6,92.3,4.2,16:54:27,826.2,38.3760,-79.6083,7,0.50,-175.38,179.0,CXON
2102,12:52:33,412,F,LW,7.884245,-0.09,N,N,28.6,92.3,4.2,16:54:29,826.6,38.3760,-79.6083,7,-0.06,-174.75,180.2,CXON
2102,12:52:35,413,F,LW,7.903970,0.02,N,N,28.6,92.3,4.2,16:54:30,826.4,38.3760,-79.6083,7,-1.62,-173.94,185.9,CXON
2102,12:52:36,414,F,LW,7.910914,0.01,N,N,28.6,92.3,4.2,16:54:31,826.6,38.3760,-79.6083,7,-1.19,-174.00,221.9,CXON
2102,12:52:37,415,F,LW,8.004707,0.09,N,N,28.6,92.3,4.2,16:54:32,827.2,38.3760,-79.6082,7,2.62,-174.06,223.0,CXON
2102,12:52:38,416,F,LW,8.017589,0.01,N,N,28.7,92.3,4.2,16:54:33,827.3,38.3760,-79.6082,7,2.12,-173.06,220.9,CXON
2102,12:52:39,417,F,LW,8.101621,0.08,N,N,28.7,92.3,4.2,16:54:35,827.5,38.3760,-79.6082,7,2.62,-172.31,224.3,CXON
2102,12:52:41,418,F,LW,8.312761,0.21,N,N,28.7,92.3,4.2,16:54:36,827.5,38.3760,-79.6082,7,3.62,-174.31,230.8,CXON
2102,12:52:42,419,F,LW,8.317895,0.01,N,N,28.7,92.3,4.2,16:54:37,827.2,38.3760,-79.6082,7,2.38,-172.50,234.0,CXON
2102,12:52:43,420,F,LW,8.585700,0.27,N,N,28.7,92.3,4.2,16:54:38,827.1,38.3760,-79.6082,7,5.00,-176.75,239.3,CXON
2102,12:52:44,421,F,LW,8.717646,0.13,N,N,28.7,92.3,4.2,16:54:39,827.0,38.3759,-79.6081,7,2.12,-175.50,239.3,CXON
2102,12:52:45,422,F,LW,8.866095,0.15,N,N,28.7,92.3,4.2,16:54:41,827.0,38.3759,-79.6081,7,6.44,-175.06,242.9,CXON
2102,12:52:47,423,F,LW,8.914404,0.05,N,N,28.8,92.3,4.2,16:54:42,827.0,38.3759,-79.6081,7,6.56,-175.25,233.4,CXON
2102,12:52:48,424,F,LW,8.906755,-0.01,N,N,28.8,92.3,4.2,16:54:43,826.8,38.3759,-79.6081,7,6.81,-174.50,233.2,CXON
2102,12:52:49,425,F,LW,9.099493,0.19,N,N,28.8,92.2,4.2,16:54:44,826.5,38.3759,-79.6081,6,3.94,-174.12,226.8,CXON
2102,12:52:50,426,F,LW,9.096373,-0.00,N,N,28.8,92.3,4.2,16:54:45,826.2,38.3759,-79.6081,6,6.19,-173.81,225.9,CXON
2102,12:52:51,427,F,LW,9.083087,-0.01,N,N,28.8,92.2,4.2,16:54:47,826.0,38.3759,-79.6080,6,5.62,-172.25,225.2,CXON
2102,12:52:53,428,F,LW,9.142269,0.06,N,N,28.8,92.2,4.2,16:54:48,826.0,38.3759,-79.6080,6,4.62,-171.81,226.9,CXON
2102,12:52:54,429,F,LW,9.300692,0.16,N,N,28.8,92.2,4.2,16:54:49,825.5,38.3759,-79.6080,7,8.25,-175.25,225.8,CXON
2102,12:52:55,430,F,LW,9.277139,-0.02,N,N,28.9,92.2,4.2,16:54:50,825.6,38.3759,-79.6080,8,7.94,-174.06,225.0,CXON
2102,12:52:56,431,F,LW,9.356752,0.08,N,N,28.9,92.2,4.2,16:54:51,825.8,38.3759,-79.6080,8,6.94,-174.50,225.6,CXON
2102,12:52:57,432,F,LW,9.496958,0.14,N,N,28.9,92.2,4.2,16:54:53,825.3,38.3759,-79.6079,8,4.69,-175.88,229.9,CXON
2102,12:52:59,433,F,LW,9.560570,0.06,N,N,28.9,92.2,4.2,16:54:54,825.1,38.3759,-79.6079,8,4.69,-172.81,228.2,CXON
2102,12:53:00,434,F,LW,9.696955,0.14,N,N,28.9,92.2,4.2,16:54:55,825.3,38.3759,-79.6079,8,5.06,-170.06,225.7,CXON
2102,12:53:01,435,F,LW,9.675113,-0.02,N,N,28.9,92.2,4.2,16:54:56,824.9,38.3759,-79.6079,8,7.12,-174.19,227.1,CXON
2102,12:53:02,436,F,LW,9.678736,0.00,N,N,28.9,92.2,4.2,16:54:57,824.4,38.3759,-79.6079,8,8.50,-173.19,227.1,CXON
2102,12:53:03,437,F,LW,9.929567,0.25,N,N,28.9,92.2,4.2,16:54:59,823.2,38.3759,-79.6079,8,6.31,-169.31,219.1,CXON
2102,12:53:05,438,F,LW,10.083370,0.15,N,N,29.0,92.2,4.2,16:55:0,823.2,38.3759,-79.6078,8,7.50,-172.19,222.4,CXON
2102,12:53:06,439,F,LW,10.066460,-0.02,N,N,29.0,92.2,4.2,16:55:1,823.3,38.3759,-79.6078,8,6.12,-172.19,222.9,CXON
2102,12:53:07,440,F,LW,10.153528,0.09,N,N,29.0,92.2,4.2,16:55:2,823.5,38.3759,-79.6078,8,6.94,-172.69,220.6,CXON
2102,12:53:08,441,F,LW,10.151113,-0.00,N,N,29.0,92.2,4.2,16:55:3,823.4,38.3758,-79.6078,8,8.38,-172.25,219.1,CXON
2102,12:53:09,442,F,LW,10.244523,0.09,N,N,29.0,92.2,4.2,16:55:4,823.1,38.3758,-79.6078,8,7.12,-170.19,218.6,CXON
2102,12:53:11,443,F,LW,10.430542,0.19,N,N,29.0,92.2,4.2,16:55:6,823.2,38.3758,-79.6078,9,7.00,-169.62,219.5,CXON
2102,12:53:12,444,F,LW,10.317400,-0.11,N,N,29.0,92.2,4.2,16:55:7,823.5,38.3758,-79.6078,9,6.88,-168.38,222.1,CXON
2102,12:53:13,445,F,LW,10.407290,0.09,N,N,29.0,92.2,4.2,16:55:8,823.3,38.3758,-79.6077,9,5.62,-170.75,221.9,CXON
2102,12:53:14,446,F,LW,10.494966,0.09,N,N,29.1,92.2,4.2,16:55:9,823.2,38.3758,-79.6077,9,6.62,-168.31,218.6,CXON
2102,12:53:15,447,F,LW,10.543181,0.05,N,N,29.1,92.2,4.2,16:55:10,823.5,38.3758,-79.6077,9,8.69,-168.88,215.4,CXON
2102,12:53:17,448,F,LW,10.681088,0.14,N,N,29.1,92.2,4.2,16:55:12,823.5,38.3758,-79.6077,9,9.25,-169.06,218.3,CXON
2102,12:53:18,449,F,LW,10.657735,-0.02,N,N,29.1,92.2,4.2,16:55:13,823.3,38.3758,-79.6077,9,8.69,-168.81,220.2,CXON
2102,12:53:19,450,F,LW,10.784672,0.13,N,N,29.1,92.2,4.2,16:55:14,823.6,38.3758,-79.6077,9,9.62,-168.69,223.4,CXON
2102,12:53:20,451,F,LW,10.938185,0.15,N,N,29.1,92.2,4.2,16:55:15,824.0,38.3758,-79.6077,9,8.81,-166.38,220.8,CXON
2102,12:53:21,452,F,LW,10.992041,0.05,N,N,29.1,92.2,4.2,16:55:16,823.9,38.3758,-79.6076,9,10.75,-168.31,224.0,CXON
2102,12:53:23,453,F,LW,11.050628,0.06,N,N,29.1,92.2,4.2,16:55:18,823.8,38.3758,-79.6076,9,8.50,-169.69,222.6,CXON
2102,12:53:24,454,F,LW,11.194582,0.14,N,N,29.2,92.2,4.2,16:55:19,823.7,38.3758,-79.6076,9,9.25,-172.81,225.9,CXON
2102,12:53:25,455,F,LW,11.292131,0.10,N,N,29.2,92.2,4.2,16:55:20,823.8,38.3758,-79.6076,9,10.00,-169.69,225.8,CXON
2102,12:53:26,456,F,LW,11.426020,0.13,N,N,29.2,92.2,4.2,16:55:21,823.9,38.3758,-79.6076,9,10.69,-173.06,233.9,CXON
2102,12:53:27,457,F,LW,11.429746,0.00,N,N,29.2,92.2,4.2,16:55:22,824.0,38.3757,-79.6076,9,13.12,-171.94,227.4,CXON
2102,12:53:29,458,F,LW,11.556892,0.13,N,N,29.2,92.2,4.2,16:55:24,823.9,38.3757,-79.6075,9,13.50,-172.75,228.4,CXON
2102,12:53:30,459,F,LW,11.630382,0.07,N,N,29.2,92.2,4.2,16:55:25,824.0,38.3757,-79.6075,9,12.44,-169.50,223.9,CXON
2102,12:53:31,460,F,LW,11.690483,0.06,N,N,29.2,92.2,4.2,16:55:26,824.1,38.3757,-79.6075,8,12.31,-167.62,218.3,CXON
2102,12:53:32,461,F,LW,11.704577,0.01,N,N,29.2,92.2,4.2,16:55:27,824.3,38.3757,-79.6075,8,12.50,-166.31,217.5,CXON
2102,12:53:33,462,F,LW,11.779579,0.08,N,N,29.3,92.2,4.2,16:55:28,824.2,38.3757,-79.6075,8,9.94,-166.25,216.2,CXON
2102,12:53:35,463,F,LW,11.931799,0.15,N,N,29.3,92.2,4.2,16:55:30,823.9,38.3757,-79.6075,8,12.69,-171.06,223.1,CXON
2102,12:53:36,464,F,LW,12.022004,0.09,N,N,29.3,92.2,4.2,16:55:31,823.9,38.3757,-79.6074,8,9.88,-170.25,230.6,CXON
2102,12:53:37,465,F,LW,12.304001,0.28,N,N,29.3,92.2,4.2,16:55:32,823.8,38.3757,-79.6074,8,12.50,-172.50,232.9,CXON
2102,12:53:38,466,F,LW,12.230001,-0.07,N,N,29.3,92.2,4.2,16:55:33,823.6,38.3757,-79.6074,8,7.75,-176.69,259.5,CXON
2102,12:53:39,467,F,LW,12.257387,0.03,N,N,29.3,92.2,4.2,16:55:34,823.5,38.3757,-79.6074,8,7.69,-177.25,261.7,CXON
2102,12:53:41,468,F,LW,12.373570,0.12,N,N,29.3,92.2,4.2,16:55:36,823.5,38.3757,-79.6074,8,10.12,-175.62,255.5,CXON
2102,12:53:42,469,F,LW,12.393202,0.02,N,N,29.4,92.2,4.2,16:55:37,823.5,38.3757,-79.6074,8,5.44,-172.88,285.4,CXON
2102,12:53:43,470,F,LW,12.614195,0.22,N,N,29.4,92.2,4.2,16:55:38,823.4,38.3757,-79.6074,8,6.69,-177.81,299.4,CXON
2102,12:53:44,471,F,LW,12.632620,0.02,N,N,29.4,92.2,4.2,16:55:39,823.5,38.3757,-79.6073,8,5.44,-177.00,319.2,CXON
2102,12:53:45,472,F,LW,12.589831,-0.04,N,N,29.4,92.2,4.2,16:55:41,823.6,38.3756,-79.6073,8,8.50,-174.75,308.4,CXON
2102,12:53:47,473,F,LW,12.545430,-0.04,N,N,29.4,92.2,4.2,16:55:42,823.8,38.3756,-79.6073,8,11.75,-170.50,248.9,CXON
2102,12:53:48,474,F,LW,12.616109,0.07,N,N,29.4,92.2,4.2,16:55:43,823.9,38.3756,-79.6073,8,11.38,-174.81,223.9,CXON
2102,12:53:49,475,F,LW,12.792907,0.18,N,N,29.4,92.2,4.2,16:55:44,824.0,38.3756,-79.6073,8,13.19,-176.94,224.1,CXON
2102,12:53:50,476,F,LW,12.819084,0.03,N,N,29.5,92.2,4.2,16:55:45,824.1,38.3756,-79.6073,8,9.94,-179.00,225.9,CXON
2102,12:53:51,477,F,LW,12.946048,0.13,N,N,29.5,92.2,4.2,16:55:47,824.3,38.3756,-79.6073,8,7.69,179.69,225.4,CXON
2102,12:53:53,478,F,LW,12.897014,-0.05,N,N,29.5,92.2,4.2,16:55:48,824.4,38.3756,-79.6073,8,5.69,-179.25,228.4,CXON
2102,12:53:54,479,F,LW,12.917755,0.02,N,N,29.5,92.2,4.2,16:55:49,824.4,38.3757,-79.6073,8,3.94,178.88,256.3,CXON
2102,12:53:55,480,F,LW,12.968401,0.05,N,N,29.5,92.2,4.2,16:55:50,824.5,38.3757,-79.6073,8,4.94,-177.50,313.4,CXON
2102,12:53:56,481,F,LW,13.022870,0.05,N,N,29.5,92.2,4.2,16:55:51,824.5,38.3757,-79.6073,8,5.00,-177.94,329.8,CXON
2102,12:53:58,482,F,LW,12.966184,-0.06,N,N,29.5,92.2,4.2,16:55:53,824.4,38.3757,-79.6073,8,3.56,179.38,331.1,CXON
2102,12:53:59,483,F,LW,12.922386,-0.04,N,N,29.5,92.2,4.2,16:55:54,824.4,38.3757,-79.6073,8,3.25,-179.12,331.2,CXON
2102,12:54:00,484,F,LW,12.832072,-0.09,N,N,29.5,92.2,4.2,16:55:55,824.4,38.3757,-79.6073,8,4.94,-178.25,338.7,CXON
2102,12:54:01,485,F,LW,12.871138,0.04,N,N,29.6,92.2,4.2,16:55:56,824.5,38.3757,-79.6073,8,3.75,179.50,333.8,CXON
2102,12:54:02,486,F,LW,12.877078,0.01,N,N,29.6,92.2,4.2,16:55:57,824.4,38.3757,-79.6073,8,4.69,178.75,334.7,CXON
2102,12:54:04,487,F,LW,12.847679,-0.03,N,N,29.6,92.2,4.2,16:55:59,824.4,38.3757,-79.6073,8,3.12,178.44,335.3,CXON
2102,12:54:05,488,F,LW,12.883924,0.04,N,N,29.6,92.2,4.2,16:56:0,824.5,38.3757,-79.6073,8,2.44,179.44,331.2,CXON
2102,12:54:06,489,F,LW,13.037569,0.15,N,N,29.6,92.2,4.2,16:56:1,824.7,38.3757,-79.6073,8,0.38,-176.06,330.1,CXON
2102,12:54:07,490,F,LW,12.955210,-0.08,N,N,29.6,92.2,4.2,16:56:2,824.5,38.3757,-79.6073,8,1.69,-176.00,333.9,CXON
2102,12:54:08,491,F,LW,13.048947,0.09,N,N,29.6,92.2,4.2,16:56:3,824.1,38.3757,-79.6073,8,3.94,-176.44,346.9,CXON
2102,12:54:10,492,F,LW,12.958531,-0.09,N,N,29.7,92.2,4.2,16:56:5,824.0,38.3757,-79.6073,8,3.38,-176.06,356.8,CXON
2102,12:54:11,493,F,LW,12.814755,-0.14,N,N,29.7,92.2,4.2,16:56:6,823.9,38.3757,-79.6073,8,-0.94,-178.56,3.4,CXON
2102,12:54:12,494,F,LW,12.807910,-0.01,N,N,29.7,92.2,4.2,16:56:7,823.9,38.3757,-79.6073,8,2.75,-178.12,16.4,CXON
2102,12:54:13,495,F,LW,12.838214,0.03,N,N,29.7,92.2,4.2,16:56:8,823.9,38.3757,-79.6073,8,2.25,-178.19,352.2,CXON
2102,12:54:14,496,F,LW,12.949369,0.11,N,N,29.7,92.2,4.2,16:56:9,824.2,38.3757,-79.6073,8,0.25,174.25,342.8,CXON
2102,12:54:16,497,F,LW,12.906679,-0.04,N,N,29.7,92.2,4.2,16:56:11,824.8,38.3757,-79.6073,8,2.69,177.31,4.1,CXON
2102,12:54:17,498,F,LW,12.852008,-0.05,N,N,29.7,92.2,4.2,16:56:12,825.0,38.3757,-79.6073,8,2.81,175.88,28.5,CXON
2102,12:54:18,499,F,LW,13.033139,0.18,N,N,29.8,92.2,4.2,16:56:13,825.3,38.3757,-79.6073,8,1.88,-179.19,40.6,CXON
2102,12:54:19,500,F,LW,13.149836,0.12,N,N,29.8,92.2,4.2,16:56:14,825.5,38.3756,-79.6073,8,2.62,-178.62,46.4,CXON
2102,12:54:20,501,F,LW,13.140370,-0.01,N,N,29.8,92.2,4.2,16:56:15,825.9,38.3756,-79.6073,8,2.50,178.19,51.8,CXON
2102,12:54:22,502,F,LW,13.020151,-0.12,N,N,29.8,92.2,4.2,16:56:17,826.2,38.3756,-79.6073,8,0.62,177.69,48.7,CXON
2102,12:54:23,503,F,LW,13.115602,0.10,N,N,29.8,92.2,4.2,16:56:18,826.2,38.3756,-79.6073,8,1.88,177.94,30.9,CXON
2102,12:54:24,504,F,LW,12.979576,-0.14,N,N,29.8,92.2,4.2,16:56:19,826.1,38.3756,-79.6073,8,1.75,178.00,6.2,CXON
2102,12:54:25,505,F,LW,12.975347,-0.00,N,N,29.8,92.2,4.2,16:56:20,826.1,38.3756,-79.6073,8,3.62,174.94,331.3,CXON
2102,12:54:26,506,F,LW,13.054988,0.08,N,N,29.8,92.2,4.2,16:56:21,826.2,38.3756,-79.6073,8,0.88,174.25,330.6,CXON
2102,12:54:28,507,F,LW,12.989845,-0.07,N,N,29.8,92.2,4.2,16:56:23,826.0,38.3756,-79.6073,8,-1.00,174.69,297.1,CXON
2102,12:54:29,508,F,LW,13.033846,0.04,N,N,29.9,92.2,4.2,16:56:24,825.4,38.3756,-79.6073,8,0.50,178.50,299.8,CXON
2102,12:54:30,509,F,LW,12.993368,-0.04,N,N,29.9,92.2,4.2,16:56:25,825.4,38.3756,-79.6073,8,-15.25,175.31,296.4,CXON
2102,12:54:31,510,F,LW,12.927218,-0.07,N,N,29.9,92.2,4.2,16:56:26,825.6,38.3756,-79.6073,8,-42.81,174.50,307.1,CXON
2102,12:54:32,511,F,LW,12.953799,0.03,N,N,29.9,92.2,4.2,16:56:27,825.4,38.3756,-79.6073,8,-59.19,-174.75,304.9,CXON
2102,12:54:34,512,F,LW,12.836301,-0.12,N,N,29.9,92.2,4.2,16:56:29,825.7,38.3756,-79.6073,8,-74.50,175.50,301.9,CXON
2102,12:54:35,513,F,LW,12.850598,0.01,N,N,29.9,92.2,4.2,16:56:30,825.9,38.3756,-79.6073,8,-75.31,161.44,305.9,CXON
2102,12:54:36,514,F,LW,12.891174,0.04,N,N,29.9,92.2,4.2,16:56:31,826.2,38.3756,-79.6073,8,-74.44,155.81,308.4,CXON
2102,12:54:37,515,F,LW,12.739444,-0.15,N,N,29.9,92.2,4.2,16:56:32,826.3,38.3756,-79.6073,8,-76.06,161.69,309.9,CXON
2102,12:54:38,516,F,LW,12.705010,-0.03,N,N,30.0,92.2,4.2,16:56:33,826.5,38.3756,-79.6073,8,-78.50,168.06,305.4,CXON
2102,12:54:40,517,F,LW,12.609967,-0.10,N,N,30.0,92.2,4.2,16:56:35,826.9,38.3756,-79.6073,8,-78.88,167.69,306.7,CXON
2102,12:54:41,518,F,LW,12.650743,0.04,N,N,30.0,92.2,4.2,16:56:36,827.0,38.3757,-79.6073,8,-77.31,153.69,310.6,CXON
2102,12:54:42,519,F,LW,12.744377,0.09,N,N,30.0,92.2,4.2,16:56:37,826.9,38.3757,-79.6073,8,-77.06,156.56,310.1,CXON
2102,12:54:43,520,F,LW,12.589227,-0.16,N,N,30.0,92.2,4.2,16:56:38,827.0,38.3757,-79.6073,8,-76.12,155.06,311.1,CXON
2102,12:54:44,521,F,LW,12.687895,0.10,N,N,30.0,92.2,4.2,16:56:39,827.2,38.3757,-79.6073,8,-73.62,152.69,313.4,CXON
2102,12:54:46,522,F,LW,12.631109,-0.06,N,N,30.0,92.2,4.2,16:56:41,827.9,38.3757,-79.6073,8,-73.75,167.56,309.5,CXON
2102,12:54:47,523,F,LW,12.588120,-0.04,N,N,30.0,92.2,4.2,16:56:42,828.2,38.3757,-79.6073,8,-69.44,169.44,309.6,CXON
2102,12:54:48,524,F,LW,12.563352,-0.02,N,N,30.0,92.2,4.2,16:56:43,828.4,38.3757,-79.6073,8,-60.56,169.50,312.0,CXON
2102,12:54:49,525,F,LW,12.572614,0.01,N,N,30.0,92.2,4.2,16:56:44,828.9,38.3757,-79.6073,8,-51.44,169.56,315.0,CXON
2102,12:54:50,526,F,LW,12.877581,0.30,N,N,30.1,92.2,4.2,16:56:45,829.2,38.3757,-79.6073,8,-46.75,179.19,307.5,CXON
2102,12:54:52,527,F,LW,13.145907,0.27,N,N,30.1,92.2,4.2,16:56:47,829.9,38.3757,-79.6073,8,-38.00,-179.94,306.1,CXON
2102,12:54:53,528,F,LW,13.403066,0.26,N,N,30.1,92.2,4.2,16:56:48,830.4,38.3757,-79.6073,8,-23.19,-176.81,311.2,CXON
2102,12:57:30,529,F,LW,13.544434,-0.01,N,N,31.4,92.2,4.2,16:59:25,824.7,38.3757,-79.6073,8,-4.31,-177.62,281.6,CXON
2102,12:57:31,530,F,LW,13.731519,0.19,N,N,31.4,92.2,4.2,16:59:26,825.3,38.3757,-79.6073,8,-4.31,-177.69,280.9,CXON
2102,12:57:32,531,F,LW,13.613810,-0.12,N,N,31.4,92.2,4.2,16:59:27,825.6,38.3757,-79.6073,8,-4.38,-177.81,279.8,CXON
2102,12:57:33,532,F,LW,13.775319,0.16,N,N,31.4,92.2,4.2,16:59:28,825.0,38.3757,-79.6073,8,-4.38,-177.88,277.8,CXON
2102,12:57:34,533,F,LW,13.542923,-0.23,N,N,31.4,92.2,4.2,16:59:29,825.4,38.3757,-79.6073,8,-4.31,-177.69,278.6,CXON
2102,12:57:36,534,F,LW,13.500433,-0.04,N,N,31.4,92.2,4.2,16:59:31,825.7,38.3757,-79.6073,8,-4.44,-177.62,279.8,CXON
2102,12:57:37,535,F,LW,13.624281,0.12,N,N,31.4,92.2,4.2,16:59:32,826.2,38.3757,-79.6073,8,-4.50,-177.69,279.9,CXON
2102,13:08:59,536,F,LW,14.487543,-0.04,N,N,34.5,92.2,4.1,17:10:54,822.9,38.3756,-79.6073,8,-4.12,-177.50,281.4,CXON
2102,13:09:00,537,F,LW,14.477473,-0.01,N,N,34.4,92.2,4.1,17:10:55,822.8,38.3756,-79.6073,8,-4.12,-177.50,281.0,CXON
2102,13:09:01,538,F,LW,14.472438,-0.01,N,N,34.4,92.2,4.1,17:10:56,822.7,38.3756,-79.6073,9,-4.12,-177.50,281.0,CXON
2102,13:09:02,539,F,LW,14.535980,0.06,N,N,34.4,92.2,4.1,17:10:57,822.6,38.3756,-79.6073,8,-4.12,-177.50,281.1,CXON
2102,13:09:04,540,F,LW,14.532557,-0.00,N,N,34.4,92.2,4.1,17:10:59,822.6,38.3756,-79.6073,8,-4.12,-177.50,281.0,CXON
2102,13:09:05,541,F,LW,14.546956,0.01,N,N,34.4,92.2,4.1,17:11:0,822.5,38.3756,-79.6073,8,-4.12,-177.50,280.9,CXON
2102,13:09:06,542,F,LW,14.587941,0.04,N,N,34.4,92.2,4.1,17:11:1,822.5,38.3756,-79.6073,8,-4.12,-177.50,281.0,CXON
2102,13:09:07,543,F,LW,14.668905,0.08,N,N,34.5,92.2,4.1,17:11:2,822.4,38.3756,-79.6073,8,-4.12,-177.50,281.0,CXON
2102,13:09:08,544,F,LW,14.703547,0.03,N,N,34.4,92.2,4.1,17:11:3,822.3,38.3756,-79.6073,8,-4.12,-177.50,281.0,CXON
2102,13:09:10,545,F,LW,14.824591,0.12,N,N,34.5,92.2,4.1,17:11:5,822.1,38.3756,-79.6073,8,-4.12,-177.50,281.1,CXON
2102,13:09:11,546,F,LW,14.665380,-0.16,N,N,34.5,92.2,4.1,17:11:6,822.1,38.3756,-79.6073,8,-4.12,-177.50,281.2,CXON
2102,13:09:12,547,F,LW,14.683507,0.02,N,N,34.5,92.2,4.1,17:11:7,822.1,38.3756,-79.6073,8,-4.12,-177.50,281.2,CXON
2102,13:09:13,548,F,LW,14.697606,0.01,N,N,34.5,92.2,4.1,17:11:8,822.1,38.3756,-79.6073,8,-4.12,-177.50,281.3,CXON
2102,13:09:14,549,F,LW,14.809082,0.11,N,N,34.5,92.2,4.1,17:11:9,822.1,38.3756,-79.6073,8,-4.12,-177.44,281.8,CXON
2102,13:09:16,550,F,LW,14.801027,-0.01,N,N,34.5,92.2,4.1,17:11:11,822.2,38.3756,-79.6073,8,-4.06,-177.44,282.1,CXON
2102,13:09:17,551,F,LW,14.799818,-0.00,N,N,34.5,92.2,4.1,17:11:12,822.1,38.3756,-79.6073,8,-4.06,-177.38,282.6,CXON
2102,13:09:18,552,F,LW,14.895183,0.10,N,N,34.5,92.2,4.1,17:11:13,822.0,38.3756,-79.6073,8,-4.06,-177.38,282.8,CXON
2102,13:09:19,553,F,LW,14.843623,-0.05,N,N,34.5,92.2,4.1,17:11:14,822.1,38.3756,-79.6073,8,-4.06,-1.38,282.9,CXON
2102,13:09:20,554,F,LW,14.882998,0.04,N,N,34.5,92.2,4.1,17:11:15,822.2,38.3756,-79.6073,8,-4.00,-177.31,283.4,CXON
2102,13:09:22,555,F,LW,15.245939,0.36,N,N,34.5,92.2,4.1,17:11:17,822.2,38.3756,-79.6073,8,-4.06,-177.44,283.4,CXON
2102,13:09:23,556,F,LW,15.330030,0.08,N,N,34.5,92.2,4.1,17:11:18,822.3,38.3756,-79.6073,8,-4.12,-177.44,284.1,CXON
2102,13:09:24,557,F,LW,15.276253,-0.05,N,N,34.5,92.2,4.1,17:11:19,822.2,38.3756,-79.6073,8,-4.06,-177.38,284.9,CXON
2102,13:09:25,558,F,LW,15.253191,-0.02,N,N,34.5,92.2,4.1,17:11:20,822.3,38.3756,-79.6073,8,-4.06,-177.38,285.3,CXON
2102,13:09:26,559,F,LW,15.272426,0.02,N,N,34.5,92.2,4.1,17:11:21,822.3,38.3756,-79.6073,8,-4.06,-177.38,285.2,CXON
2102,13:09:28,560,F,LW,15.153089,-0.12,N,N,34.5,92.2,4.1,17:11:23,822.4,38.3756,-79.6073,8,-4.06,-177.38,285.6,CXON
2102,13:09:29,561,F,LW,15.068294,-0.08,N,N,34.5,92.2,4.1,17:11:24,822.5,38.3756,-79.6073,8,-4.06,-177.38,285.5,CXON
2102,13:09:30,562,F,LW,15.271318,0.20,N,N,34.5,92.2,4.1,17:11:25,822.6,38.3756,-79.6073,8,-4.00,-177.38,285.6,CXON
2102,13:09:31,563,F,LW,15.083903,-0.19,N,N,34.5,92.2,4.1,17:11:26,822.7,38.3756,-79.6073,8,-4.00,-177.31,286.2,CXON
2102,13:09:32,564,F,LW,15.113108,0.03,N,N,34.5,92.2,4.1,17:11:27,822.9,38.3756,-79.6073,8,-4.00,-177.31,286.1,CXON
2102,13:09:34,565,F,LW,14.985817,-0.13,N,N,34.5,92.2,4.1,17:11:29,823.1,38.3756,-79.6073,8,-4.00,-177.31,286.4,CXON
2102,13:09:35,566,F,LW,15.007670,0.02,N,N,34.5,92.2,4.1,17:11:30,823.2,38.3756,-79.6073,8,-4.00,-177.31,286.4,CXON
2102,13:09:36,567,F,LW,15.012705,0.01,N,N,34.5,92.2,4.1,17:11:31,823.2,38.3756,-79.6073,8,-4.00,-177.31,286.5,CXON
2102,13:09:37,568,F,LW,14.973028,-0.04,N,N,34.5,92.2,4.1,17:11:32,823.2,38.3756,-79.6073,8,-3.94,-177.25,287.0,CXON
2102,13:09:38,569,F,LW,15.004649,0.03,N,N,34.5,92.2,4.1,17:11:33,823.3,38.3756,-79.6073,8,-3.94,-177.25,287.3,CXON
2102,13:09:40,570,F,LW,14.937279,-0.07,N,N,34.5,92.2,4.1,17:11:35,823.5,38.3756,-79.6073,8,-3.94,-177.25,287.5,CXON
2102,13:09:41,571,F,LW,14.974034,0.04,N,N,34.5,92.2,4.1,17:11:36,823.6,38.3756,-79.6073,8,-3.94,-177.19,287.8,CXON
2102,13:09:42,572,F,LW,15.012503,0.04,N,N,34.5,92.2,4.1,17:11:37,823.6,38.3756,-79.6073,8,-3.88,-177.19,288.1,CXON
2102,13:09:43,573,F,LW,15.051477,0.04,N,N,34.5,92.2,4.1,17:11:38,823.6,38.3756,-79.6073,8,-3.88,-177.19,288.2,CXON
2102,13:09:44,574,F,LW,15.088033,0.04,N,N,34.5,92.2,4.1,17:11:40,823.8,38.3756,-79.6073,8,-3.88,-177.19,288.2,CXON
2102,13:09:46,575,F,LW,15.068294,-0.02,N,N,34.5,92.2,4.1,17:11:41,823.9,38.3756,-79.6073,8,-3.88,-177.19,288.2,CXON
2102,13:09:47,576,F,LW,15.088234,0.02,N,N,34.5,92.2,4.1,17:11:42,823.9,38.3756,-79.6073,8,-3.88,-177.19,288.2,CXON
2102,13:09:48,577,F,LW,15.017840,-0.07,N,N,34.5,92.2,4.1,17:11:43,823.9,38.3756,-79.6073,8,-3.88,-177.19,288.2,CXON
2102,13:09:49,578,F,LW,15.101427,0.08,N,N,34.5,92.2,4.1,17:11:44,823.8,38.3756,-79.6073,8,-3.88,-177.19,288.2,CXON
2102,13:09:50,579,F,LW,15.050570,-0.05,N,N,34.5,92.2,4.1,17:11:46,823.7,38.3756,-79.6073,8,-3.88,-177.19,288.2,CXON
2102,13:09:52,580,F,LW,15.019754,-0.03,N,N,34.5,92.2,4.1,17:11:47,823.8,38.3756,-79.6073,8,-3.88,-177.19,288.2,CXON
2102,13:09:53,581,F,LW,15.169302,0.15,N,N,34.5,92.2,4.1,17:11:48,823.7,38.3756,-79.6073,8,-4.00,-177.38,288.2,CXON
2102,13:09:54,582,F,LW,15.318449,0.15,N,N,34.5,92.2,4.1,17:11:49,823.7,38.3756,-79.6073,8,-4.06,-177.44,288.1,CXON
2102,13:09:55,583,F,LW,15.147952,-0.17,N,N,34.5,92.2,4.1,17:11:50,823.6,38.3756,-79.6073,8,-4.06,-177.44,288.1,CXON
2102,13:09:56,584,F,LW,15.270311,0.12,N,N,34.5,92.2,4.1,17:11:52,823.5,38.3756,-79.6073,8,-4.06,-1.44,288.1,CXON
2102,13:09:58,585,F,LW,15.322981,0.05,N,N,34.6,92.2,4.1,17:11:53,823.4,38.3756,-79.6073,8,-4.12,-177.50,287.7,CXON
2102,13:09:59,586,F,LW,15.247249,-0.08,N,N,34.5,92.2,4.1,17:11:54,823.4,38.3756,-79.6073,8,-4.12,-177.50,287.9,CXON
2102,13:10:00,587,F,LW,15.258125,0.01,N,N,34.5,92.2,4.1,17:11:55,823.4,38.3756,-79.6073,8,-4.12,-177.50,287.7,CXON
2102,13:10:01,588,F,LW,15.272023,0.01,N,N,34.6,92.2,4.1,17:11:56,823.4,38.3756,-79.6073,8,-4.12,-177.50,287.6,CXON
2102,13:10:03,589,F,LW,15.279676,0.01,N,N,34.6,92.2,4.1,17:11:58,823.4,38.3756,-79.6073,8,-4.12,-177.50,287.6,CXON
2102,13:10:04,590,F,LW,15.460146,0.18,N,N,34.6,92.2,4.1,17:11:59,823.3,38.3756,-79.6073,8,-4.12,-177.50,287.5,CXON
2102,13:10:05,591,F,LW,15.308278,-0.15,N,N,34.6,92.2,4.1,17:12:0,823.3,38.3756,-79.6073,8,-4.12,-177.50,287.3,CXON
2102,13:10:06,592,F,LW,15.267693,-0.04,N,N,34.6,92.2,4.1,17:12:1,823.3,38.3756,-79.6073,8,-4.12,-177.50,287.4,CXON
2102,13:10:07,593,F,LW,15.262556,-0.01,N,N,34.6,92.2,4.1,17:12:2,823.2,38.3756,-79.6073,8,-4.12,-177.56,287.1,CXON
2102,13:10:09,594,F,LW,15.224489,-0.04,N,N,34.6,92.2,4.1,17:12:4,823.1,38.3756,-79.6073,8,-4.12,-177.50,287.2,CXON
2102,13:10:10,595,F,LW,15.280785,0.06,N,N,34.6,92.2,4.1,17:12:5,823.2,38.3756,-79.6073,9,-4.12,-177.50,287.2,CXON
2102,13:10:11,596,F,LW,15.167791,-0.11,N,N,34.6,92.2,4.1,17:12:6,823.3,38.3756,-79.6073,9,-4.12,-177.50,287.2,CXON
2102,13:10:12,597,F,LW,15.261952,0.09,N,N,34.6,92.2,4.1,17:12:7,823.4,38.3756,-79.6073,9,-4.12,-177.50,287.2,CXON
2102,13:10:13,598,F,LW,15.256010,-0.01,N,N,34.6,92.2,4.1,17:12:8,823.6,38.3756,-79.6073,9,-4.12,-177.56,287.1,CXON
2102,13:10:15,599,F,LW,15.164670,-0.09,N,N,34.6,92.2,4.1,17:12:10,823.7,38.3756,-79.6073,9,-4.12,-177.56,287.1,CXON
2102,13:10:16,600,F,LW,15.207974,0.04,N,N,34.6,92.2,4.1,17:12:11,823.7,38.3756,-79.6073,8,-4.12,-177.56,287.1,CXON
2102,13:10:17,601,F,LW,15.135867,-0.07,N,N,34.6,92.2,4.1,17:12:12,823.9,38.3756,-79.6073,8,-4.12,-177.56,287.1,CXON
2102,13:10:18,602,F,LW,15.172122,0.04,N,N,34.6,92.2,4.1,17:12:13,823.9,38.3756,-79.6073,8,-0.06,-177.56,287.1,CXON
2102,13:10:19,603,F,LW,15.156311,-0.02,N,N,34.6,92.2,4.1,17:12:14,824.0,38.3756,-79.6073,8,-4.12,-177.56,287.1,CXON
2102,13:10:21,604,F,LW,15.211296,0.05,N,N,34.6,92.2,4.1,17:12:16,824.3,38.3756,-79.6073,8,-4.12,-177.56,287.1,CXON
2102,13:10:22,605,F,LW,15.162958,-0.05,N,N,34.6,92.2,4.1,17:12:17,824.4,38.3756,-79.6073,8,-4.12,-177.56,287.1,CXON
2102,13:10:23,606,F,LW,15.143219,-0.02,N,N,34.6,92.2,4.1,17:12:18,824.4,38.3756,-79.6073,8,-4.12,-177.56,287.1,CXON
2102,13:10:24,607,F,LW,15.157217,0.01,N,N,34.6,92.2,4.1,17:12:19,824.3,38.3756,-79.6073,8,-4.12,-177.50,287.2,CXON
2102,13:10:25,608,F,LW,15.203140,0.05,N,N,34.6,92.2,4.1,17:12:21,824.1,38.3756,-79.6073,8,-0.06,-177.50,287.2,CXON
2102,13:10:27,609,F,LW,15.271318,0.07,N,N,34.6,92.2,4.1,17:12:22,824.0,38.3756,-79.6073,8,-4.12,-177.56,287.1,CXON
2102,13:10:28,610,F,LW,15.293675,0.02,N,N,34.6,92.2,4.1,17:12:23,824.2,38.3756,-79.6073,8,-4.12,-177.56,287.1,CXON
2102,13:10:29,611,F,LW,15.219454,-0.07,N,N,34.6,92.2,4.1,17:12:24,824.2,38.3756,-79.6073,8,-4.12,-177.50,287.1,CXON
2102,13:10:30,612,F,LW,15.215124,-0.00,N,N,34.6,92.2,4.1,17:12:25,824.3,38.3756,-79.6073,8,-4.12,-177.50,287.2,CXON
2102,13:10:31,613,F,LW,15.272023,0.06,N,N,34.6,92.2,4.1,17:12:27,824.5,38.3756,-79.6073,8,-4.12,-177.50,287.4,CXON
2102,13:10:33,614,F,LW,15.330937,0.06,N,N,34.6,92.2,4.1,17:12:28,824.5,38.3756,-79.6073,8,-4.12,-177.50,287.8,CXON
2102,13:10:34,615,F,LW,15.375651,0.04,N,N,34.6,92.2,4.1,17:12:29,824.5,38.3756,-79.6073,8,-4.12,-177.50,287.8,CXON
2102,13:10:35,616,F,LW,15.259334,-0.12,N,N,34.6,92.2,4.1,17:12:30,824.7,38.3756,-79.6073,8,-4.12,-177.50,287.9,CXON
2102,13:10:36,617,F,LW,15.275145,0.02,N,N,34.6,92.2,4.1,17:12:31,824.9,38.3756,-79.6073,8,-4.06,-177.44,288.2,CXON
2102,13:10:37,618,F,LW,15.350777,0.08,N,N,34.6,92.2,4.1,17:12:33,825.1,38.3756,-79.6073,8,-4.06,-177.44,288.2,CXON
2102,13:10:39,619,F,LW,15.320867,-0.03,N,N,34.6,92.2,4.1,17:12:34,825.2,38.3756,-79.6073,8,-4.06,-177.44,288.1,CXON
2102,13:10:40,620,F,LW,15.287733,-0.03,N,N,34.7,92.2,4.1,17:12:35,825.1,38.3756,-79.6073,8,-4.06,-177.44,288.0,CXON
2102,13:10:41,621,F,LW,15.321974,0.03,N,N,34.7,92.2,4.1,17:12:36,825.3,38.3756,-79.6073,8,-4.12,-177.50,287.9,CXON
2102,13:10:42,622,F,LW,15.304955,-0.02,N,N,34.7,92.2,4.1,17:12:37,825.3,38.3756,-79.6073,8,-4.12,-177.50,287.9,CXON
2102,13:10:44,623,F,LW,15.323787,0.02,N,N,34.7,92.2,4.1,17:12:39,825.5,38.3756,-79.6073,8,-4.12,-177.50,287.8,CXON
2102,13:10:45,624,F,LW,15.283806,-0.04,N,N,34.7,92.2,4.1,17:12:40,825.6,38.3756,-79.6073,8,-4.12,-177.50,287.6,CXON
2102,13:10:46,625,F,LW,15.354906,0.07,N,N,34.7,92.2,4.1,17:12:41,825.6,38.3756,-79.6073,8,-4.12,-177.50,287.6,CXON
2102,13:10:47,626,F,LW,15.293172,-0.06,N,N,34.7,92.2,4.1,17:12:42,825.7,38.3756,-79.6073,8,-4.12,-177.50,287.4,CXON
2102,13:10:48,627,F,LW,15.326103,0.03,N,N,34.7,92.2,4.1,17:12:43,825.8,38.3756,-79.6073,8,-4.12,-177.56,287.1,CXON
2102,13:10:50,628,F,LW,15.435774,0.11,N,N,34.7,92.2,4.1,17:12:45,826.1,38.3756,-79.6073,8,-4.12,-177.56,286.8,CXON
2102,13:10:51,629,F,LW,15.398412,-0.04,N,N,34.7,92.2,4.1,17:12:46,826.3,38.3756,-79.6073,8,-4.12,-177.56,286.6,CXON
2102,13:10:52,630,F,LW,15.277461,-0.12,N,N,34.7,92.2,4.1,17:12:47,826.4,38.3756,-79.6073,8,-4.19,-177.56,286.3,CXON
2102,13:10:53,631,F,LW,15.435976,0.16,N,N,34.7,92.2,4.1,17:12:48,826.5,38.3756,-79.6073,8,-4.19,-177.62,286.0,CXON
2102,13:10:54,632,F,LW,15.304350,-0.13,N,N,34.7,92.2,4.1,17:12:50,826.5,38.3756,-79.6073,8,-4.19,-177.62,285.9,CXON
2102,13:10:56,633,F,LW,15.366588,0.06,N,N,34.7,92.2,4.1,17:12:51,826.6,38.3756,-79.6073,8,-4.19,-177.62,285.9,CXON
2102,13:10:57,634,F,LW,15.356718,-0.01,N,N,34.7,92.2,4.1,17:12:52,826.6,38.3756,-79.6073,8,-4.19,-177.62,286.1,CXON
2102,13:10:58,635,F,LW,15.331139,-0.03,N,N,34.7,92.2,4.1,17:12:53,826.6,38.3756,-79.6073,8,-4.19,-177.62,286.2,CXON
2102,13:10:59,636,F,LW,15.424898,0.09,N,N,34.7,92.2,4.1,17:12:54,826.7,38.3756,-79.6073,8,-4.19,-177.56,286.4,CXON
2102,13:11:00,637,F,LW,15.435774,0.01,N,N,34.7,92.2,4.1,17:12:56,826.9,38.3756,-79.6073,8,-4.12,-177.56,286.5,CXON
2102,13:11:02,638,F,LW,15.451686,0.02,N,N,34.7,92.2,4.1,17:12:57,827.0,38.3756,-79.6073,8,-4.12,-177.56,286.7,CXON
2102,13:11:03,639,F,LW,15.520773,0.07,N,N,34.7,92.2,4.1,17:12:58,827.0,38.3756,-79.6073,8,-4.12,-177.56,287.1,CXON
2102,13:11:04,640,F,LW,15.426811,-0.09,N,N,34.7,92.2,4.1,17:12:59,827.0,38.3756,-79.6073,8,-4.12,-177.50,287.4,CXON
2102,13:11:05,641,F,LW,15.574350,0.15,N,N,34.7,92.2,4.1,17:13:0,827.2,38.3756,-79.6073,8,-4.12,-177.50,287.5,CXON
2102,13:11:06,642,F,LW,15.474849,-0.10,N,N,34.7,92.2,4.1,17:13:2,827.1,38.3756,-79.6073,8,-4.12,-177.50,287.6,CXON
2102,13:11:08,643,F,LW,15.561056,0.09,N,N,34.7,92.2,4.1,17:13:3,827.1,38.3756,-79.6073,8,-4.06,-177.50,287.9,CXON
2102,13:11:09,644,F,LW,15.494186,-0.07,N,N,34.7,92.2,4.1,17:13:4,827.2,38.3756,-79.6073,8,-4.06,-177.44,288.1,CXON
2102,13:11:10,645,F,LW,15.458232,-0.04,N,N,34.7,92.2,4.1,17:13:5,827.2,38.3756,-79.6073,8,-4.06,-177.44,288.2,CXON
2102,13:11:11,646,F,LW,15.455714,-0.00,N,N,34.7,92.2,4.1,17:13:6,827.1,38.3756,-79.6073,8,-4.06,-177.44,288.5,CXON
2102,13:11:12,647,F,LW,0.000000,-15.46,N,N,34.7,92.2,4.1,17:13:8,826.8,38.3756,-79.6073,8,-4.06,-177.44,288.7,CAL
2102,13:11:14,648,F,LW,0.000000,0.00,N,N,34.7,92.2,4.1,17:13:9,826.8,38.3756,-79.6073,8,-4.06,-177.44,288.8,CAL
2102,13:11:15,649,F,LW,0.000000,0.00,N,N,34.7,92.2,4.1,17:13:10,826.8,38.3756,-79.6073,8,-4.06,-177.38,289.2,CAL
2102,13:11:16,650,F,LW,0.000000,0.00,N,N,34.7,92.2,4.1,17:13:11,826.7,38.3756,-79.6073,8,-4.00,-177.38,289.4,CAL
2102,13:11:17,651,F,LW,0.000000,0.00,N,N,34.7,92.2,4.1,17:13:12,826.8,38.3756,-79.6073,8,-4.00,-177.38,289.4,CAL
2102,13:11:19,652,F,LW,0.000000,0.00,N,N,34.7,92.2,4.1,17:13:14,826.9,38.3756,-79.6073,8,-4.00,-177.38,289.6,CAL
2102,13:11:20,653,F,LW,0.000000,0.00,N,N,34.7,92.2,4.1,17:13:15,826.9,38.3756,-79.6073,8,-4.00,-177.31,289.8,CAL
2102,13:11:21,654,F,LW,0.000000,0.00,N,N,34.7,92.2,4.1,17:13:16,826.8,38.3756,-79.6073,8,-4.00,-177.31,290.0,CAL
2102,13:11:22,655,F,LW,0.000000,0.00,N,N,34.7,92.2,4.1,17:13:17,826.8,38.3756,-79.6073,8,-4.00,-177.38,290.5,CAL
2102,13:11:23,656,F,LW,0.000000,0.00,N,N,34.8,92.2,4.1,17:13:18,826.8,38.3756,-79.6073,9,-4.19,-177.56,290.1,CAL
2102,13:11:25,657,F,LW,0.000000,0.00,N,N,34.8,92.2,4.1,17:13:20,826.8,38.3756,-79.6073,9,-4.19,-177.50,290.3,CAL
2102,13:11:26,658,F,LW,0.000000,0.00,N,N,34.8,92.2,4.1,17:13:21,826.8,38.3756,-79.6073,9,-4.12,-177.50,290.6,CAL
2102,13:11:27,659,F,LW,0.000000,0.00,N,N,34.8,92.2,4.1,17:13:22,826.6,38.3756,-79.6073,9,-4.12,-177.50,290.8,CAL
2102,13:11:28,660,F,LW,0.000000,0.00,N,N,34.8,92.2,4.1,17:13:23,826.6,38.3756,-79.6073,8,-4.12,-177.50,290.9,CAL
2102,13:11:29,661,F,LW,0.000000,0.00,N,N,34.8,92.2,4.1,17:13:24,826.6,38.3756,-79.6073,8,-4.12,-177.50,291.1,CAL
2102,13:11:31,662,F,LW,0.000000,0.00,N,N,34.8,92.2,4.1,17:13:26,826.6,38.3756,-79.6073,8,-4.12,-177.44,291.2,CAL
2102,13:11:32,663,F,LW,0.000000,0.00,N,N,34.8,92.2,4.1,17:13:27,826.7,38.3756,-79.6073,9,-4.12,-177.44,291.4,CAL
2102,13:11:33,664,F,LW,0.000000,0.00,N,N,34.8,92.2,4.1,17:13:28,826.6,38.3756,-79.6073,8,-4.12,-177.44,291.5,CAL
2102,13:11:34,665,F,LW,0.000000,0.00,N,N,34.8,92.2,4.1,17:13:29,826.6,38.3756,-79.6073,8,-4.06,-177.44,291.8,CAL
2102,13:11:35,666,F,LW,0.000000,0.00,N,N,34.8,92.2,4.1,17:13:30,826.6,38.3756,-79.6073,8,-4.06,-177.44,291.7,CAL
2102,13:11:37,667,F,LW,0.000000,0.00,N,N,34.8,92.2,4.1,17:13:32,826.7,38.3756,-79.6073,8,-4.06,-177.38,292.0,CAL
2102,13:11:38,668,F,LW,0.000000,0.00,N,N,34.8,92.2,4.1,17:13:33,826.7,38.3756,-79.6073,8,-4.06,-177.38,292.2,CAL
2102,13:11:39,669,F,LW,0.000000,0.00,N,N,34.8,92.2,4.1,17:13:34,826.6,38.3756,-79.6073,8,-4.06,-177.38,292.3,CAL
2102,13:11:40,670,F,LW,0.000000,0.00,N,N,34.8,92.2,4.1,17:13:35,826.6,38.3756,-79.6073,8,-4.06,-177.38,292.3,CAL
2102,13:11:41,671,F,LW,0.000000,0.00,N,N,34.8,92.2,4.1,17:13:36,826.6,38.3756,-79.6073,8,-4.06,-177.38,292.3,CAL
2102,13:11:43,672,F,LW,0.000000,0.00,N,N,34.8,92.2,4.1,17:13:38,826.5,38.3756,-79.6073,8,-4.06,-177.38,292.2,CAL
2102,13:11:44,673,F,LW,0.000000,0.00,N,N,34.8,92.2,4.1,17:13:39,826.5,38.3756,-79.6073,8,-4.06,-177.38,292.1,CAL
2102,13:11:45,674,F,LW,0.000000,0.00,N,N,34.8,92.2,4.1,17:13:40,826.5,38.3756,-79.6073,8,-4.06,-177.38,292.1,CAL
2102,13:11:46,675,F,LW,0.000000,0.00,N,N,34.8,92.2,4.1,17:13:41,826.4,38.3756,-79.6073,8,-4.06,-177.06,292.2,CAL
2102,13:11:46,676,F,AC,5.405693,5.41,N,N,34.7,92.0,4.1,17:13:42,826.2,38.3756,-79.6073,8,3.69,-174.56,300.4,CAL
2102,13:11:48,677,F,AC,142.780579,137.37,N,N,34.8,90.4,4.1,17:13:43,827.9,38.3757,-79.6073,8,-1.50,-179.06,55.1,CAL
2102,13:11:49,678,F,AC,275.215485,132.43,N,N,34.8,89.1,4.1,17:13:44,828.9,38.3757,-79.6074,8,-4.88,-12.69,189.3,CAL
2102,13:11:50,679,F,AC,368.442383,93.23,N,N,34.8,88.1,4.1,17:13:45,830.2,38.3758,-79.6074,5,-0.75,-174.75,297.9,CAL
2102,13:11:51,680,F,AC,441.889740,73.45,N,N,34.8,87.4,4.1,17:13:47,831.8,38.3756,-79.6066,3,-2.75,-178.56,20.8,CAL
2102,13:11:52,681,F,AC,500.193939,58.30,N,N,34.8,86.8,4.1,17:13:48,831.8,38.3756,-79.6066,3,-7.38,-177.81,87.1,CAL
2102,13:11:54,682,F,AC,542.938965,42.75,N,N,34.8,86.4,4.1,17:13:49,831.8,38.3756,-79.6066,3,-9.19,-171.88,136.9,CAL
2102,13:11:55,683,F,AC,572.349792,29.41,N,N,34.8,86.1,4.1,17:13:50,842.0,38.3757,-79.6049,4,-8684,F,AC,588.418274,16.07,N,N,34.8,85.9,4.1,17:13:51,854.4,38.3753,-79.6051,4,-1.12,-147.75,205.6,CAL
2102,13:11:57,685,F,RS,591.627686,3.21,N,N,34.8,85.9,4.1,17:13:52,866.3,38.3750,-79.6050,4,13.25,-127.81,11.2,CAL
2102,13:11:58,686,F,DC,589.343750,-2.28,P,N,34.8,85.9,4.1,17:13:53,866.3,38.3750,-79.6050,4,66.81,172.81,292.4,CAL
2102,13:11:59,687,F,DC,576.650024,-12.69,P,N,34.8,86.1,4.1,17:13:55,866.3,38.3750,-79.6050,4,-80.06,-39.75,74.6,CAL
2102,13:12:01,688,F,DC,561.528870,-15.12,P,N,34.8,86.2,4.1,17:13:56,866.3,38.3750,-79.6050,4,-84.31,-3.69,30.2,CAL
2102,13:12:02,689,F,DC,551.639526,-9.89,P,N,34.8,86.5,4.1,17:13:57,1374.7,38.3759,-79.6056,9,-61.56,0.69,7.2,CAL
2102,13:12:03,690,F,DC,515.625732,-36.01,P,N,34.4,86.7,4.1,17:13:58,1358.5,38.3759,-79.6055,8,4.44,16.69,353.5,CAL
2102,13:12:04,691,F,DC,499.187744,-16.44,P,N,33.9,86.9,4.1,17:13:59,1341.3,38.3759,-79.6054,9,85.62,-176.62,193.5,CAL
2102,13:12:05,692,F,DC,485.124695,-14.06,P,N,33.7,87.0,4.1,17:14:1,1309.3,38.3759,-79.6053,9,-61.62,121.00,53.6,CAL
2102,13:12:07,693,F,DC,468.077454,-17.05,P,N,33.4,87.2,4.1,17:14:2,1296.3,38.3759,-79.6052,9,-22.12,93.06,278.1,CAL
2102,13:12:08,694,F,DC,454.540131,-13.54,P,N,32.7,87.3,4.1,17:14:3,1282.7,38.3758,-79.6052,9,37.25,-179.19,174.9,CAL
2102,13:12:09,695,F,DC,439.428894,-15.11,P,N,32.5,87.5,4.1,17:14:4,1271.3,38.3758,-79.6051,9,-53.94,-0.06,181.4,CAL
2102,13:12:10,696,F,DC,423.447571,-15.98,P,N,32.5,87.7,4.1,17:14:5,1259.9,38.3758,-79.6050,9,63.44,69.12,103.8,CAL
2102,13:12:11,697,F,DC,410.025635,-13.42,P,N,31.8,87.8,4.1,17:14:7,1240.2,38.3758,-79.6049,9,20.06,63.75,165.4,CAL
2102,13:12:13,698,F,DC,395.470001,-14.56,P,N,31.2,88.0,4.1,17:14:8,1227.8,38.3757,-79.6049,9,-4.38,-35.75,182.9,CAL
2102,13:12:14,699,F,DC,381.311951,-14.16,P,N,31.0,88.1,4.1,17:14:9,1216.2,38.3757,-79.6048,8,-28.69,49.12,289.2,CAL
2102,13:12:15,700,F,DC,369.124268,-12.19,P,N,30.6,88.2,4.1,17:14:10,1205.0,38.3757,-79.6047,9,-15.25,41.25,72.6,CAL
2102,13:12:16,701,F,DC,356.879883,-12.24,P,N,30.6,88.4,4.1,17:14:11,1191.3,38.3757,-79.6047,9,36.56,21.00,219.1,CAL
2102,13:12:17,702,F,DC,344.632629,-12.25,P,N,30.2,88.5,4.1,17:14:13,1165.7,38.3756,-79.6046,9,59.44,7.94,241.6,CAL
2102,13:12:19,703,F,DC,332.345642,-12.29,P,N,29.9,88.6,4.1,17:14:14,1154.5,38.3756,-79.6045,9,60.62,9.12,263.8,CAL
2102,13:12:20,704,F,DC,319.887909,-12.46,P,N,29.7,88.8,4.1,17:14:15,1138.8,38.3756,-79.6044,9,44.00,23.81,85.6,CAL
2102,13:12:21,705,F,DC,307.872162,-12.02,P,N,29.3,88.9,4.1,17:14:16,1122.6,38.3756,-79.6043,9,67.50,20.00,124.0,CAL
2102,13:12:22,706,F,DC,295.288391,-12.58,P,N,29.2,89.0,4.1,17:14:17,1109.5,38.3756,-79.6043,9,7.19,-56.44,145.1,CAL
2102,13:12:23,707,F,DC,281.613037,-13.68,P,N,29.1,89.2,4.1,17:14:19,1086.7,38.3756,-79.6041,9,74.12,100.06,320.3,CAL
2102,13:12:25,708,F,DC,261.504120,-20.11,P,N,28.9,89.3,4.1,17:14:20,1074.5,38.3756,-79.6040,9,-21.81,78.19,45.4,CAL
2102,13:12:26,709,F,DC,253.009933,-8.49,P,N,28.6,89.5,4.1,17:14:21,1064.2,38.3756,-79.6040,9,-6.75,72.12,188.8,CAL
2102,13:12:27,710,F,DC,241.145416,-11.86,P,N,28.5,89.6,4.1,17:14:22,1054.9,38.3755,-79.6039,9,59.44,43.00,264.6,CAL
2102,13:12:28,711,F,DC,229.064087,-12.08,P,N,28.4,89.7,4.1,17:14:23,1040.4,38.3756,-79.6038,9,48.31,59.69,176.8,CAL
2102,13:12:29,712,F,DC,216.161743,-12.90,P,N,28.3,89.9,4.1,17:14:25,1018.1,38.3755,-79.6037,9,55.38,48.62,97.6,CAL
2102,13:12:31,713,F,DC,203.598267,-12.56,P,N,28.3,90.0,4.1,17:14:26,1003.7,38.3756,-79.6036,9,45.19,48.31,197.0,CAL
2102,13:12:32,714,F,DC,191.093521,-12.50,P,N,28.1,90.1,4.1,17:14:27,995.0,38.3755,-79.6035,9,37.19,46.81,355.7,CAL
2102,13:12:33,715,F,DC,179.278534,-11.81,P,N,27.8,90.3,4.1,17:14:28,984.0,38.3755,-79.6035,9,49.19,-1.44,5.6,CAL
2102,13:12:34,716,F,DC,167.747803,-11.53,P,N,27.6,90.4,4.1,17:14:29,973.0,38.3755,-79.6034,9,62.94,34.06,43.6,CAL
2102,13:12:35,717,F,DC,156.079071,-11.67,P,N,27.3,90.5,4.1,17:14:31,948.5,38.3756,-79.6033,9,61.56,65.25,136.9,CAL
2102,13:12:37,718,F,DC,145.361069,-10.72,P,N,27.1,90.6,4.1,17:14:32,938.8,38.3756,-79.6033,7,50.00,44.50,126.6,CAL
2102,13:12:38,719,F,DC,134.103745,-11.26,P,N,26.9,90.7,4.1,17:14:33,929.0,38.3756,-79.6033,8,59.38,14.00,155.1,CAL
2102,13:12:39,720,F,DC,122.685425,-11.42,P,N,26.6,90.9,4.1,17:14:34,917.3,38.3756,-79.6032,9,60.38,24.62,84.9,CAL
2102,13:12:40,721,F,DC,110.343651,-12.34,P,N,26.5,91.0,4.1,17:14:35,906.9,38.3756,-79.6032,9,-0.06,20.06,9.8,CAL
2102,13:12:41,722,F,HR,99.823807,-10.52,P,N,26.4,91.1,4.1,17:14:36,896.7,38.3756,-79.6031,9,38.62,61.94,145.9,CAL
2102,13:12:42,723,F,HR,87.233215,-12.59,P,C,26.2,91.2,4.1,17:14:38,876.7,38.3756,-79.6030,9,50.50,46.88,112.4,CAL
2102,13:12:44,724,F,HR,75.234261,-12.00,P,C,26.2,91.4,4.1,17:14:39,864.8,38.3757,-79.6030,9,48.88,24.56,330.6,CAL
2102,13:12:45,725,F,HR,62.347942,-12.89,P,C,26.1,91.5,4.1,17:14:40,853.5,38.3757,-79.6029,9,24.69,74.19,107.8,CAL
2102,13:12:46,726,F,HR,49.445129,-12.90,P,C,25.8,91.7,4.1,17:14:41,843.5,38.3757,-79.6029,9,63.94,38.44,254.8,CAL
2102,13:33:40,1384,F,LD,0.000000,0.00,P,C,25.2,92.3,4.0,17:35:36,816.9,38.3761,-79.6084,9,15.44,7.88,342.2,CXON
2102,13:33:42,1385,F,LD,0.000000,0.00,P,C,25.2,92.3,4.0,17:35:37,816.8,38.3761,-79.6084,9,17.44,11.56,336.1,CXON
2102,13:33:43,1386,F,LD,0.000000,0.00,P,C,25.2,92.3,4.0,17:35:38,817.0,38.3761,-79.6084,9,17.81,14.50,4.1,CXON
2102,13:33:44,1387,F,LD,0.000000,0.00,P,C,25.2,92.3,4.0,17:35:39,816.8,38.3761,-79.6084,9,16.62,17.94,344.7,CXON
2102,13:33:45,1388,F,LD,0.000000,0.00,P,C,25.2,92.3,4.0,17:35:40,816.7,38.3761,-79.6085,9,18.06,31.25,330.0,CXON
2102,13:33:46,1389,F,LD,0.000000,0.00,P,C,25.2,92.3,4.0,17:35:42,816.5,38.3761,-79.6085,9,22.38,31.38,332.9,CXON
2102,13:33:48,1390,F,LD,0.000000,0.00,P,C,25.2,92.3,4.0,17:35:43,816.4,38.3761,-79.6085,9,18.25,22.19,328.2,CXON
2102,13:33:49,1391,F,LD,0.000000,0.00,P,C,25.2,92.3,4.0,17:35:44,816.6,38.3761,-79.6085,9,16.19,19.31,322.8,CXON
2102,13:33:50,1392,F,LD,0.000000,0.00,P,C,25.2,92.3,4.0,17:35:45,816.7,38.3761,-79.6085,9,7.06,15.06,339.0,BCNON
2102,13:33:51,1393,F,LD,0.000000,0.00,P,C,25.2,92.3,4.0,17:35:46,816.6,38.3761,-79.6085,9,10.81,15.94,352.4,BCNOFF
2102,13:34:00,1394,F,LD,0.000000,0.00,P,C,25.3,92.3,4.0,17:35:55,817.2,38.3762,-79.6085,9,20.50,37.25,37.3,CXON
2102,13:34:01,1395,F,LD,0.000000,0.00,P,C,25.3,92.3,4.0,17:35:56,817.2,38.3762,-79.6085,9,23.81,19.50,71.1,CXON
2102,13:34:02,1396,F,LD,0.000000,0.00,P,C,25.3,92.3,4.0,17:35:58,817.2,38.3762,-79.6085,9,21.44,23.75,46.8,CXON
2102,13:34:04,1397,F,LD,0.000000,0.00,P,C,25.3,92.3,4.0,17:35:59,817.1,38.3762,-79.6085,9,14.88,36.38,354.2,CXON
2102,13:34:05,1398,F,LD,0.000000,0.00,P,C,25.3,92.3,4.0,17:36:0,817.2,38.3762,-79.6085,9,19.00,35.94,353.7,CXON
2102,13:34:06,1399,F,LD,0.000000,0.00,P,C,25.3,92.3,4.0,17:36:1,817.2,38.3762,-79.6085,9,20.38,36.50,41.7,CXON
2102,13:34:07,1400,F,LD,0.000000,0.00,P,C,25.3,92.3,4.0,17:36:2,816.8,38.3763,-79.6085,9,21.12,38.06,49.8,CXON
2102,13:34:08,1401,F,LD,0.000000,0.00,P,C,25.3,92.3,4.0,17:36:4,816.4,38.3763,-79.6084,9,23.56,22.06,65.8,BCNON
2102,13:34:10,1402,F,LD,0.000000,0.00,P,C,25.4,92.3,4.0,17:36:5,816.8,38.3763,-79.6084,9,27.69,17.50,73.4,BCNOFF
2102,13:34:11,1403,F,LD,0.000000,0.00,P,C,25.4,92.3,4.0,17:36:6,817.3,38.3763,-79.6084,9,24.69,9.25,66.9,BCNOFF
2102,14:53:02,0,F,ASCENT,372,21.00,P,C,19.00,1003.00,8.00,12:35:24,736.00,40.99,39.77,0,31,117,72,CX,ON
2102,14:53:02,1,F,ASCENT,270,7.00,P,C,29.00,998.00,12.00,12:35:24,709.00,40.99,39.77,0,31,34,36,CX,ON
2102,14:53:02,2,F,ASCENT,167,23.00,P,C,10.00,958.00,8.00,12:35:24,150.00,40.99,39.77,0,77,101,119,CX,ON
2102,14:53:02,3,F,ASCENT,628,27.00,P,C,24.00,986.00,9.00,12:35:24,742.00,40.99,39.77,0,92,103,144,CX,ON
2102,14:53:02,4,F,ASCENT,286,20.00,P,C,35.00,1082.00,10.00,12:35:24,256.00,40.99,39.77,0,105,30,55,CX,ON
2102,14:53:02,5,F,ASCENT,330,7.00,P,C,41.00,1000.00,12.00,12:35:24,19.00,40.99,39.77,0,152,150,99,CX,ON
2102,14:53:02,6,F,ASCENT,46,24.00,P,C,38.00,1032.00,8.00,12:35:24,680.00,40.99,39.77,0,93,174,134,CX,ON
2102,14:53:02,7,F,ASCENT,678,13.00,P,C,47.00,1042.00,12.00,12:35:24,737.00,40.99,39.77,0,145,145,69,CX,ON
2102,14:53:02,8,F,ASCENT,608,4.00,P,C,35.00,957.00,8.00,12:35:24,601.00,40.99,39.77,0,39,133,117,CX,ON
2102,14:53:02,9,F,ASCENT,54,19.00,P,C,47.00,980.00,9.00,12:35:24,346.00,40.99,39.77,0,15,15,93,CX,ON
2102,14:53:02,10,F,ASCENT,358,27.00,P,C,23.00,1032.00,10.00,12:35:24,351.00,40.99,39.77,0,125,150,104,CX,ON
2102,14:53:02,11,F,ASCENT,437,2.00,P,C,44.00,998.00,10.00,12:35:24,179.00,40.99,39.77,0,179,13,163,CX,ON
2102,14:53:02,12,F,ASCENT,586,27.00,P,C,28.00,1023.00,12.00,12:35:24,244.00,40.99,39.77,0,47,137,61,CX,ON
2102,14:53:02,13,F,ASCENT,256,21.00,P,C,30.00,980.00,9.00,12:35:24,732.00,40.99,39.77,0,82,103,131,CX,ON
2102,14:53:02,14,F,ASCENT,328,15.00,P,C,24.00,981.00,11.00,12:35:24,203.00,40.99,39.77,0,15,88,44,CX,ON
2102,14:53:02,15,F,ASCENT,735,14.00,P,C,22.00,1071.00,10.00,12:35:24,589.00,40.99,39.77,0,32,27,87,CX,ON
2102,14:53:02,16,F,ASCENT,717,25.00,P,C,45.00,1031.00,8.00,12:35:24,521.00,40.99,39.77,0,26,127,128,CX,ON
2102,14:53:02,17,F,ASCENT,497,17.00,P,C,46.00,1050.00,9.00,12:35:24,631.00,40.99,39.77,0,96,74,143,CX,ON
2102,14:53:02,18,F,ASCENT,411,15.00,P,C,27.00,1055.00,12.00,12:35:24,386.00,40.99,39.77,0,64,71,18,CX,ON
2102,14:53:02,19,F,ASCENT,632,10.00,P,C,16.00,1050.00,12.00,12:35:24,623.00,40.99,39.77,0,102,150,65,CX,ON
2102,14:53:02,20,F,ASCENT,172,26.00,P,C,41.00,1089.00,11.00,12:35:24,255.00,40.99,39.77,0,143,107,54,CMD,2102,BCN,ON 
2102,14:53:02,21,F,ASCENT,693,4.00,P,C,38.00,1058.00,12.00,12:35:24,468.00,40.99,39.77,0,20,136,125,CX,ON
2102,14:53:02,22,F,ASCENT,234,6.00,P,C,48.00,1075.00,12.00,12:35:24,326.00,40.99,39.77,0,174,28,13,CX,ON
2102,14:53:02,23,F,ASCENT,136,20.00,P,C,35.00,957.00,10.00,12:35:24,179.00,40.99,39.77,0,50,16,25,CX,ON
2102,14:53:02,24,F,ASCENT,271,10.00,P,C,16.00,1099.00,10.00,12:35:24,330.00,40.99,39.77,0,167,20,97,CX,ON
2102,14:53:02,25,F,ASCENT,506,5.00,P,C,31.00,1025.00,12.00,12:35:24,387.00,40.99,39.77,0,47,120,90,CX,ON
2102,14:53:02,26,F,ASCENT,287,4.00,P,C,48.00,952.00,8.00,12:35:24,371.00,40.99,39.77,0,1,49,140,CX,ON
2102,14:53:02,27,F,ASCENT,594,24.00,P,C,40.00,1037.00,8.00,12:35:24,704.00,40.99,39.77,0,133,168,146,CX,ON
2102,14:53:02,28,F,ASCENT,209,8.00,P,C,21.00,995.00,10.00,12:35:24,413.00,40.99,39.77,0,7,176,88,CX,ON
2102,14:53:02,29,F,ASCENT,238,8.00,P,C,10.00,1096.00,10.00,12:35:24,11.00,40.99,39.77,0,96,139,123,CMD,2102,CX,ON 
2102,14:53:02,30,F,ASCENT,446,19.00,P,C,18.00,968.00,8.00,12:35:24,318.00,40.99,39.77,0,19,137,162,CX,ON
2102,14:53:02,31,F,ASCENT,159,26.00,P,C,40.00,1035.00,12.00,12:35:24,477.00,40.99,39.77,0,133,145,109,CX,ON
2102,14:53:02,32,F,ASCENT,128,12.00,P,C,45.00,973.00,10.00,12:35:24,337.00,40.99,39.77,0,170,74,53,CX,ON
2102,14:53:02,33,F,ASCENT,227,14.00,P,C,30.00,1033.00,12.00,12:35:24,29.00,40.99,39.77,0,110,29,99,CX,ON
2102,14:53:02,34,F,ASCENT,459,19.00,P,C,38.00,999.00,11.00,12:35:24,189.00,40.99,39.77,0,7,37,179,CX,ON
2102,14:53:02,35,F,ASCENT,606,24.00,P,C,34.00,1044.00,11.00,12:35:24,63.00,40.99,39.77,0,160,177,71,CX,ON
2102,14:53:02,36,F,ASCENT,420,26.00,P,C,29.00,988.00,12.00,12:35:24,394.00,40.99,39.77,0,42,74,20,CX,ON
2102,14:53:02,37,F,ASCENT,639,16.00,P,C,25.00,1077.00,10.00,12:35:24,605.00,40.99,39.77,0,175,5,101,CX,ON
2102,14:53:02,38,F,ASCENT,518,5.00,P,C,33.00,1089.00,8.00,12:35:24,721.00,40.99,39.77,0,132,148,142,CX,ON
2102,14:53:02,39,F,ASCENT,229,2.00,P,C,47.00,1007.00,10.00,12:35:24,256.00,40.99,39.77,0,87,92,22,CX,ON
2102,14:53:02,40,F,ASCENT,495,23.00,P,C,40.00,1045.00,8.00,12:35:24,417.00,40.99,39.77,0,154,150,45,CX,ON
2102,14:53:02,41,F,ASCENT,391,3.00,P,C,27.00,1060.00,12.00,12:35:24,319.00,40.99,39.77,0,115,24,81,CX,ON
2102,14:53:02,42,F,ASCENT,554,19.00,P,C,33.00,1016.00,12.00,12:35:24,326.00,40.99,39.77,0,96,50,86,CX,ON
2102,14:53:02,43,F,ASCENT,260,2.00,P,C,49.00,978.00,8.00,12:35:24,276.00,40.99,39.77,0,25,22,122,CX,ON
2102,14:53:02,44,F,ASCENT,722,21.00,P,C,42.00,988.00,10.00,12:35:24,601.00,40.99,39.77,0,149,172,119,CX,ON
2102,14:53:02,45,F,ASCENT,572,23.00,P,C,43.00,959.00,10.00,12:35:24,486.00,40.99,39.77,0,102,127,9,CX,ON
2102,14:53:02,46,F,ASCENT,110,20.00,P,C,21.00,1056.00,12.00,12:35:24,107.00,40.99,39.77,0,144,40,8,CX,ON
2102,14:53:02,47,F,ASCENT,257,2.00,P,C,31.00,1012.00,9.00,12:35:24,333.00,40.99,39.77,0,67,141,120,CX,ON
2102,14:53:02,48,F,ASCENT,160,16.00,P,C,45.00,1086.00,11.00,12:35:24,320.00,40.99,39.77,0,89,95,130,CX,ON
2102,14:53:02,49,F,ASCENT,102,14.00,P,C,25.00,1040.00,8.00,12:35:24,629.00,40.99,39.77,0,143,137,120,CX,ON
2102,14:53:02,50,F,ASCENT,594,5.00,P,C,48.00,955.00,9.00,12:35:24,216.00,40.99,39.77,0,20,173,147,CX,ON
2102,14:53:02,51,F,ASCENT,291,15.00,P,C,10.00,1011.00,8.00,12:35:24,430.00,40.99,39.77,0,132,42,121,CX,ON
2102,14:53:02,52,F,ASCENT,668,5.00,P,C,21.00,1059.00,12.00,12:35:24,461.00,40.99,39.77,0,29,36,15,CX,ON
2102,14:53:02,53,F,ASCENT,28,17.00,P,C,25.00,1008.00,11.00,12:35:24,302.00,40.99,39.77,0,30,137,13,CX,ON
2102,14:53:02,54,F,ASCENT,33,11.00,P,C,42.00,1025.00,10.00,12:35:24,71.00,40.99,39.77,0,45,36,58,CX,ON
2102,14:53:02,55,F,ASCENT,49,9.00,P,C,45.00,1080.00,8.00,12:35:24,572.00,40.99,39.77,0,55,172,58,CX,ON
2102,14:53:02,56,F,ASCENT,449,5.00,P,C,36.00,1023.00,10.00,12:35:24,681.00,40.99,39.77,0,116,153,36,CX,ON
2102,14:53:02,57,F,ASCENT,360,17.00,P,C,43.00,1085.00,9.00,12:35:24,521.00,40.99,39.77,0,78,22,21,CX,ON
2102,14:53:02,58,F,ASCENT,64,26.00,P,C,49.00,973.00,11.00,12:35:24,578.00,40.99,39.77,0,89,166,131,CX,ON
